Formula,Energy,sigma bond length,Bond length
"['Ge', 'Ti', 'Sn', 'Hf']",-6082.6921165691565,0.0965715512529812,2.030407280668345
