Formula,Energy,sigma bond length,Bond length
"['Ge', 'Ti', 'Sn', 'Zr']",-5945.960922152858,0.10266465923958734,2.036594756599623
