Formula,Energy,sigma bond length,Bond length
"['Ge', 'Ti', 'Sn', 'Pb']",-5141.669869643816,0.12104597475821761,2.059649063628728
