Formula,Energy,sigma bond length,Bond length
"['Ge', 'Ti', 'Sn', 'Ce']",-5751.738381474207,0.14783410590998408,2.068037583267505
