Formula,Energy,sigma bond length,Bond length
"['Ge', 'Ti', 'Sn', 'Rh']",-5348.842398148119,0.06979554971860029,2.002193166791048
