Formula,Energy,sigma bond length,Bond length
"['Ge', 'Ti', 'Sn', 'Ir']",-5447.233991406904,0.07059220762009381,2.0047194194153426
