Formula,Energy,sigma bond length,Bond length
"['Ge', 'Ti', 'Sn', 'Pt']",-5227.428417287882,0.06951709017698354,2.0077724586919543
