Formula,Energy,sigma bond length,Bond length
"['Ge', 'Ti', 'Sn', 'Nb']",-5895.495342156273,0.09950621387560024,2.0317692459941727
