Formula,Energy,sigma bond length,Bond length
"['Ge', 'Ti', 'Sn', 'V']",-5622.11443632412,0.09124423361911575,1.995307343110603
