Formula,Energy,sigma bond length,Bond length
"['Ge', 'Ti', 'Sn', 'Mn']",-5494.191524639779,0.07915215975411556,1.9866693407130342
