Formula,Energy,sigma bond length,Bond length
"['Ge', 'Ti', 'Hf', 'Zr']",-6701.21115292855,0.11410230535340359,2.038017939540394
