Formula,Energy,sigma bond length,Bond length
"['Ge', 'Ti', 'Hf', 'Pb']",-5894.683937024629,0.1258407701983395,2.061395121071545
