Formula,Energy,sigma bond length,Bond length
"['Ge', 'Ti', 'Hf', 'Ce']",-6514.057283327882,0.1389970043360343,2.039908532493774
