Formula,Energy,sigma bond length,Bond length
"['Ge', 'Ti', 'Hf', 'Rh']",-6105.102935052599,0.07711321858368053,2.0035173538765494
