Formula,Energy,sigma bond length,Bond length
"['Ge', 'Ti', 'Hf', 'Ru']",-6269.70639308799,0.08021013112832996,2.002307590081626
