Formula,Energy,sigma bond length,Bond length
"['Ge', 'Ti', 'Hf', 'Pt']",-5983.029891980343,0.07434048437874573,2.00884180779162
