Formula,Energy,sigma bond length,Bond length
"['Ge', 'Ti', 'Hf', 'Nb']",-6639.962501927834,0.10360818855068353,2.0290606382184895
