Formula,Energy,sigma bond length,Bond length
"['Ge', 'Ti', 'Hf', 'V']",-6374.039003798826,0.09838223947395673,1.9967515708695958
