Formula,Energy,sigma bond length,Bond length
"['Ge', 'Ti', 'Hf', 'Mn']",-6246.133348814616,0.0884865352765079,1.989010242948864
