Formula,Energy,sigma bond length,Bond length
"['Ge', 'Ti', 'Zr', 'Pb']",-5759.07833346817,0.13674384000051126,2.0685839096484915
