Formula,Energy,sigma bond length,Bond length
"['Ge', 'Ti', 'Zr', 'Ce']",-6385.7423210320685,0.1614530364942201,2.0689780791524033
