Formula,Energy,sigma bond length,Bond length
"['Ge', 'Ti', 'Zr', 'Rh']",-5965.69479222288,0.09572823350661495,2.0145261322146175
