Formula,Energy,sigma bond length,Bond length
"['Ge', 'Ti', 'Zr', 'Ru']",-6130.434026298903,0.09520410469621272,2.0114185823392567
