Formula,Energy,sigma bond length,Bond length
"['Ge', 'Ti', 'Zr', 'Ir']",-6057.629127537174,0.0891149760813881,2.014774299384955
