Formula,Energy,sigma bond length,Bond length
"['Ge', 'Ti', 'Zr', 'Pt']",-5841.528431884114,0.0902350311354955,2.018612708862195
