Formula,Energy,sigma bond length,Bond length
"['Ge', 'Ti', 'Zr', 'Nb']",-6508.814407510463,0.11256537162397597,2.037099161527282
