Formula,Energy,sigma bond length,Bond length
"['Ge', 'Ti', 'Zr', 'V']",-6239.089288032697,0.11130084463709665,2.003312779992513
