Formula,Energy,sigma bond length,Bond length
"['Ge', 'Ti', 'Zr', 'Mn']",-6111.994206575184,0.10535913448032426,1.9997629554074328
