Formula,Energy,sigma bond length,Bond length
"['Ge', 'Ti', 'Pb', 'Ce']",-5582.148124312846,0.1829067873641245,2.11699149433256
