Formula,Energy,sigma bond length,Bond length
"['Ge', 'Ti', 'Pb', 'Rh']",-5161.862880890707,0.10998093016452193,2.0319971341857257
