Formula,Energy,sigma bond length,Bond length
"['Ge', 'Ti', 'Pb', 'Ru']",-5342.665209039799,0.11336615573509672,2.02774528418071
