Formula,Energy,sigma bond length,Bond length
"['Ge', 'Ti', 'Pb', 'Ir']",-5277.050125447627,0.12353079022997039,2.0409551386196836
