Formula,Energy,sigma bond length,Bond length
"['Ge', 'Ti', 'Pb', 'Pt']",-5041.420454324898,0.11486389112610194,2.0443786633228163
