Formula,Energy,sigma bond length,Bond length
"['Ge', 'Ti', 'Pb', 'Nb']",-5775.674577037406,0.16916499386998915,2.033825321026012
