Formula,Energy,sigma bond length,Bond length
"['Ge', 'Ti', 'Pb', 'V']",-5446.67936055755,0.16780620980009073,2.0444866386281793
