Formula,Energy,sigma bond length,Bond length
"['Ge', 'Ti', 'Pb', 'Mn']",-5287.820184873996,0.14264023839305326,2.036515762083831
