Formula,Energy,sigma bond length,Bond length
"['Ge', 'Ti', 'Ce', 'Rh']",-5770.181030169757,0.14090061361666445,2.0505225056538237
