Formula,Energy,sigma bond length,Bond length
"['Ge', 'Ti', 'Ce', 'Ru']",-5941.509775295116,0.14797456844219875,2.046030695950358
