Formula,Energy,sigma bond length,Bond length
"['Ge', 'Ti', 'Ce', 'Ir']",-5861.007946398353,0.14118968765362763,2.0498522518958264
