Formula,Energy,sigma bond length,Bond length
"['Ge', 'Ti', 'Ce', 'Pt']",-5645.296660480628,0.1391366406201452,2.052888760538886
