Formula,Energy,sigma bond length,Bond length
"['Ge', 'Ti', 'Ce', 'Nb']",-6342.221221080079,0.2012548904178564,2.081704471534831
