Formula,Energy,sigma bond length,Bond length
"['Ge', 'Ti', 'Ce', 'V']",-6044.47054625065,0.16216901757914198,2.0368885464111934
