Formula,Energy,sigma bond length,Bond length
"['Ge', 'Ti', 'Ce', 'Mn']",-5921.534522964966,0.1355414654032329,2.0109764968116406
