Formula,Energy,sigma bond length,Bond length
"['Ge', 'Ti', 'Rh', 'Ir']",-5495.648745238524,0.05032963311006998,1.9792708053040704
