Formula,Energy,sigma bond length,Bond length
"['Ge', 'Ti', 'Rh', 'Pt']",-5264.991577020989,0.047481771089467176,1.983514919261297
