Formula,Energy,sigma bond length,Bond length
"['Ge', 'Ti', 'Ru', 'Ir']",-5649.376259718614,0.04609258727044122,1.976535423319734
