Formula,Energy,sigma bond length,Bond length
"['Ge', 'Ti', 'Ru', 'Pt']",-5429.770790250171,0.04941808256589221,1.9816078154350745
