Formula,Energy,sigma bond length,Bond length
"['Ge', 'Ti', 'Ru', 'V']",-5819.310566989054,0.058751823696057345,1.964312299285882
