Formula,Energy,sigma bond length,Bond length
"['Ge', 'Ti', 'Ir', 'Pt']",-5361.3112495499945,0.047392345528018236,1.9852791877370386
