Formula,Energy,sigma bond length,Bond length
"['Ge', 'Ti', 'Ir', 'V']",-5749.681164418168,0.058748644207391766,1.9687263515349946
