Formula,Energy,sigma bond length,Bond length
"['Ge', 'Ti', 'Pt', 'Nb']",-5823.572657090231,0.07689844151591063,2.006173478970395
