Formula,Energy,sigma bond length,Bond length
"['Ge', 'Ti', 'Pt', 'V']",-5529.068733331883,0.06412900725661673,1.9735978205162972
