Formula,Energy,sigma bond length,Bond length
"['Ge', 'Ti', 'Pt', 'Mn']",-5399.729244032989,0.056210749915016955,1.972117473906918
