Formula,Energy,sigma bond length,Bond length
"['Ge', 'Ti', 'Nb', 'V']",-6219.508543279753,0.09832478721674966,2.001573311061788
