Formula,Energy,sigma bond length,Bond length
"['Ge', 'Sn', 'Hf', 'Zr']",-6183.543093927145,0.09262289635828214,2.0662045651769745
