Formula,Energy,sigma bond length,Bond length
"['Ge', 'Sn', 'Hf', 'Pb']",-5377.437284120791,0.1044980143867428,2.0873312939756623
