Formula,Energy,sigma bond length,Bond length
"['Ge', 'Sn', 'Hf', 'Ce']",-5992.760391337715,0.1250505991942753,2.100325008910679
