Formula,Energy,sigma bond length,Bond length
"['Ge', 'Sn', 'Hf', 'Rh']",-5574.930054736472,0.0711016984887402,2.0315488310472563
