Formula,Energy,sigma bond length,Bond length
"['Ge', 'Sn', 'Hf', 'Ru']",-5746.570415697661,0.07745187876928428,2.031717172233352
