Formula,Energy,sigma bond length,Bond length
"['Ge', 'Sn', 'Hf', 'Ir']",-5675.0031157349995,0.06995634714256264,2.033299682499403
