Formula,Energy,sigma bond length,Bond length
"['Ge', 'Sn', 'Hf', 'Pt']",-5458.300095733564,0.06866180971967596,2.0379607095702763
