Formula,Energy,sigma bond length,Bond length
"['Ge', 'Sn', 'Hf', 'Nb']",-6126.407155072938,0.09496844007278712,2.0595809329239843
