Formula,Energy,sigma bond length,Bond length
"['Ge', 'Sn', 'Hf', 'V']",-5854.740419894249,0.09318946615452288,2.023620315202725
