Formula,Energy,sigma bond length,Bond length
"['Ge', 'Sn', 'Hf', 'Mn']",-5723.248498235382,0.08571675802141525,2.0178081248338295
