Formula,Energy,sigma bond length,Bond length
"['Ge', 'Sn', 'Zr', 'Pb']",-5244.236505915018,0.11185266219489294,2.098241517775759
