Formula,Energy,sigma bond length,Bond length
"['Ge', 'Sn', 'Zr', 'Ce']",-5866.73117537312,0.15605421581912435,2.1259903951918906
