Formula,Energy,sigma bond length,Bond length
"['Ge', 'Sn', 'Zr', 'Rh']",-5439.453001285052,0.08322757753929401,2.0418270201055266
