Formula,Energy,sigma bond length,Bond length
"['Ge', 'Sn', 'Zr', 'Ru']",-5607.392614112481,0.08704908562174321,2.0410549337366484
