Formula,Energy,sigma bond length,Bond length
"['Ge', 'Sn', 'Zr', 'Ir']",-5539.1770915635325,0.081378880755664,2.0437617790924865
