Formula,Energy,sigma bond length,Bond length
"['Ge', 'Sn', 'Zr', 'Pt']",-5321.001835835694,0.08069110495734139,2.04852835038479
