Formula,Energy,sigma bond length,Bond length
"['Ge', 'Sn', 'Zr', 'Nb']",-5995.29304451684,0.11071285518486025,2.071712848828541
