Formula,Energy,sigma bond length,Bond length
"['Ge', 'Sn', 'Zr', 'V']",-5722.817186103089,0.10534165279566186,2.0322882080435094
