Formula,Energy,sigma bond length,Bond length
"['Ge', 'Sn', 'Zr', 'Mn']",-5591.727339160453,0.09984609345587095,2.0298530013652982
