Formula,Energy,sigma bond length,Bond length
"['Ge', 'Sn', 'Pb', 'Ce']",-5060.853550297367,0.13637715425987856,2.1260441307070743
