Formula,Energy,sigma bond length,Bond length
"['Ge', 'Sn', 'Pb', 'Rh']",-4642.980832274093,0.0991913018844811,2.0622878295897884
