Formula,Energy,sigma bond length,Bond length
"['Ge', 'Sn', 'Pb', 'Ru']",-4825.923641410581,0.1185775891645255,2.070748147522791
