Formula,Energy,sigma bond length,Bond length
"['Ge', 'Sn', 'Pb', 'Ir']",-4758.48849658204,0.11045864287144509,2.0703275869239213
