Formula,Energy,sigma bond length,Bond length
"['Ge', 'Sn', 'Pb', 'Pt']",-4521.616899930549,0.10017170208431611,2.073384697174586
