Formula,Energy,sigma bond length,Bond length
"['Ge', 'Sn', 'Pb', 'Nb']",-5251.935950915434,0.172152352143368,2.100694364381596
