Formula,Energy,sigma bond length,Bond length
"['Ge', 'Sn', 'Pb', 'V']",-4926.905020227401,0.13709624438522258,2.0562810913814995
