Formula,Energy,sigma bond length,Bond length
"['Ge', 'Sn', 'Pb', 'Mn']",-4774.346992793884,0.10832085942638302,2.04843754905334
