Formula,Energy,sigma bond length,Bond length
"['Ge', 'Sn', 'Ce', 'Rh']",-5247.020778341581,0.1214435851971889,2.0757006430228437
