Formula,Energy,sigma bond length,Bond length
"['Ge', 'Sn', 'Ce', 'Ru']",-5413.147248839761,0.1356579236001576,2.077921346649472
