Formula,Energy,sigma bond length,Bond length
"['Ge', 'Sn', 'Ce', 'Ir']",-5341.246200541249,0.12368443589725739,2.0795488073966113
