Formula,Energy,sigma bond length,Bond length
"['Ge', 'Sn', 'Ce', 'Pt']",-5125.312153566746,0.11924769028430442,2.084015235749748
