Formula,Energy,sigma bond length,Bond length
"['Ge', 'Sn', 'Ce', 'Nb']",-5829.032125362971,0.16045893298083969,2.079946361171239
