Formula,Energy,sigma bond length,Bond length
"['Ge', 'Sn', 'Ce', 'V']",-5524.969580385584,0.14860794206219974,2.063472515929527
