Formula,Energy,sigma bond length,Bond length
"['Pt', 'Nb', 'V', 'Mn']",-5789.228635207489,0.09413444136843872,2.024231148938923
