Formula,Energy,sigma bond length,Bond length
"['Ge', 'Sn', 'Rh', 'Ru']",-5040.622941302908,0.06082721242685426,2.003683493801723
