Formula,Energy,sigma bond length,Bond length
"['Ge', 'Sn', 'Rh', 'Pt']",-4738.4750748417655,0.05472497938598587,2.012793916728566
