Formula,Energy,sigma bond length,Bond length
"['Ge', 'Sn', 'Rh', 'Nb']",-5443.9729124492615,0.08612757576158678,2.029375450970998
