Formula,Energy,sigma bond length,Bond length
"['Ge', 'Sn', 'Rh', 'V']",-5133.989973563532,0.07708487966120474,1.9946730778136434
