Formula,Energy,sigma bond length,Bond length
"['Ge', 'Sn', 'Ru', 'Pt']",-4903.927401977532,0.05805398699906192,2.0122219058384716
