Formula,Energy,sigma bond length,Bond length
"['Ge', 'Sn', 'Ru', 'Nb']",-5584.001800604043,0.08389730594165118,2.031263842468864
