Formula,Energy,sigma bond length,Bond length
"['Ge', 'Sn', 'Ru', 'Mn']",-5186.161201180124,0.072013289479752,1.9948501342242255
