Formula,Energy,sigma bond length,Bond length
"['Ge', 'Sn', 'Ir', 'Pt']",-4839.046882307491,0.05538307745769009,2.0149164792132095
