Formula,Energy,sigma bond length,Bond length
"['Ge', 'Sn', 'Ir', 'Nb']",-5510.085073494581,0.07752554407336588,2.032753170471485
