Formula,Energy,sigma bond length,Bond length
"['Ge', 'Sn', 'Ir', 'V']",-5230.935559720803,0.06815009425984067,1.9970754429594393
