Formula,Energy,sigma bond length,Bond length
"['Ge', 'Sn', 'Ir', 'Mn']",-5112.691998355796,0.07134174870395128,2.0001103055266913
