Formula,Energy,sigma bond length,Bond length
"['Ge', 'Sn', 'Pt', 'Nb']",-5300.115184700613,0.07965594623824597,2.0370533730325335
