Formula,Energy,sigma bond length,Bond length
"['Ge', 'Sn', 'Pt', 'V']",-5009.7766103493195,0.0685193204445422,2.0028373412969476
