Formula,Energy,sigma bond length,Bond length
"['Ge', 'Sn', 'Pt', 'Mn']",-4880.6904003916825,0.06527833024444595,2.002803592906759
