Formula,Energy,sigma bond length,Bond length
"['Ge', 'Sn', 'Nb', 'V']",-5702.049356293788,0.09304384515731405,2.028384916997946
