Formula,Energy,sigma bond length,Bond length
"['Ge', 'Sn', 'Nb', 'Mn']",-5614.252282491745,0.10124417640414185,2.0269799190486566
