Formula,Energy,sigma bond length,Bond length
"['Ge', 'Sn', 'V', 'Mn']",-5283.507419716191,0.09747185871187443,1.9878714929557453
