Formula,Energy,sigma bond length,Bond length
"['Ge', 'Hf', 'Zr', 'Pb']",-5992.044473443149,0.1180551273762293,2.09604152798315
