Formula,Energy,sigma bond length,Bond length
"['Ge', 'Hf', 'Zr', 'Ce']",-6622.334857251082,0.16820196555278308,2.136587820677948
