Formula,Energy,sigma bond length,Bond length
"['Ge', 'Hf', 'Zr', 'Rh']",-6187.829353236353,0.0873470492259892,2.0405376606995693
