Formula,Energy,sigma bond length,Bond length
"['Ge', 'Hf', 'Zr', 'Ru']",-6361.667918548702,0.09380613448850657,2.0412456349623596
