Formula,Energy,sigma bond length,Bond length
"['Ge', 'Hf', 'Zr', 'Ir']",-6286.122727967542,0.08525345260706203,2.043134982426042
