Formula,Energy,sigma bond length,Bond length
"['Ge', 'Hf', 'Zr', 'Pt']",-6074.644347827677,0.08612052359293383,2.048331478899495
