Formula,Energy,sigma bond length,Bond length
"['Ge', 'Hf', 'Zr', 'Nb']",-6741.349952124967,0.11585671934954339,2.0660953994695697
