Formula,Energy,sigma bond length,Bond length
"['Ge', 'Hf', 'Zr', 'V']",-6468.805870339199,0.10953972342009399,2.0313974954764205
