Formula,Energy,sigma bond length,Bond length
"['Ge', 'Hf', 'Zr', 'Mn']",-6339.9288694539755,0.10585252681111094,2.029491502922988
