Formula,Energy,sigma bond length,Bond length
"['Ge', 'Hf', 'Pb', 'Ce']",-5819.64283178491,0.14393953051979186,2.123178393302089
