Formula,Energy,sigma bond length,Bond length
"['Ge', 'Hf', 'Pb', 'Rh']",-5389.747312324656,0.10297596846625583,2.0587998969481314
