Formula,Energy,sigma bond length,Bond length
"['Ge', 'Hf', 'Pb', 'Ru']",-5570.736109180072,0.12862009188295168,2.0680699206754563
