Formula,Energy,sigma bond length,Bond length
"['Ge', 'Hf', 'Pb', 'Ir']",-5502.907453419646,0.11950602520751155,2.0688728890371513
