Formula,Energy,sigma bond length,Bond length
"['Ge', 'Hf', 'Pb', 'Pt']",-5273.934791015912,0.10588352006946211,2.072022163945589
