Formula,Energy,sigma bond length,Bond length
"['Ge', 'Hf', 'Pb', 'Nb']",-6010.122761267377,0.18279806832522072,2.094894965479552
