Formula,Energy,sigma bond length,Bond length
"['Ge', 'Hf', 'Pb', 'V']",-5675.590816560857,0.14888666390280772,2.0552528275412985
