Formula,Energy,sigma bond length,Bond length
"['Ge', 'Hf', 'Pb', 'Mn']",-5516.648236835163,0.10877412528302918,2.0435634392907174
