Formula,Energy,sigma bond length,Bond length
"['Ge', 'Hf', 'Ce', 'Rh']",-5998.655776063328,0.12709776459824082,2.0757552708053257
