Formula,Energy,sigma bond length,Bond length
"['Ge', 'Hf', 'Ce', 'Ru']",-6175.854196115989,0.1415037585281381,2.073622574626708
