Formula,Energy,sigma bond length,Bond length
"['Ge', 'Hf', 'Ce', 'Ir']",-6099.90431508066,0.12789177569732976,2.0770742332681094
