Formula,Energy,sigma bond length,Bond length
"['Ge', 'Hf', 'Ce', 'Pt']",-5884.206660649407,0.12834621425288884,2.0829668615993
