Formula,Energy,sigma bond length,Bond length
"['Ge', 'Hf', 'Ce', 'Nb']",-6583.755494102321,0.1630843608697325,2.0785224735851235
