Formula,Energy,sigma bond length,Bond length
"['Ge', 'Hf', 'Ce', 'Mn']",-6150.676802820417,0.14667565327006132,2.0621654534253517
