Formula,Energy,sigma bond length,Bond length
"['Ge', 'Hf', 'Rh', 'Ir']",-5716.491478014763,0.062148558714935714,2.007757000948578
