Formula,Energy,sigma bond length,Bond length
"['Ge', 'Hf', 'Rh', 'Pt']",-5491.032562438435,0.060662822059668435,2.0130560446406545
