Formula,Energy,sigma bond length,Bond length
"['Ge', 'Hf', 'Rh', 'Nb']",-6199.945779955674,0.09071856913183296,2.0292024738978918
