Formula,Energy,sigma bond length,Bond length
"['Ge', 'Hf', 'Rh', 'Mn']",-5739.291992735387,0.06953169664702265,1.9911578745788525
