Formula,Energy,sigma bond length,Bond length
"['Ge', 'Hf', 'Ru', 'Ir']",-5877.450368309221,0.06281322455092411,2.0067850325285512
