Formula,Energy,sigma bond length,Bond length
"['Ge', 'Hf', 'Ru', 'Pt']",-5657.223410814741,0.06324842566317684,2.0122169239348127
