Formula,Energy,sigma bond length,Bond length
"['Ge', 'Hf', 'Ru', 'Nb']",-6335.562854894921,0.08851271338156215,2.0292281676685264
