Formula,Energy,sigma bond length,Bond length
"['Ge', 'Hf', 'Ru', 'V']",-6048.360593805994,0.08010814538224277,1.9959795761331536
