Formula,Energy,sigma bond length,Bond length
"['Ge', 'Hf', 'Ru', 'Mn']",-5926.161744539258,0.07908766451136669,1.9962540383970357
