Formula,Energy,sigma bond length,Bond length
"['Ge', 'Hf', 'Ir', 'Pt']",-5588.44335699458,0.05839052506343967,2.0155488251551037
