Formula,Energy,sigma bond length,Bond length
"['Ge', 'Hf', 'Ir', 'Nb']",-6256.0382210554135,0.08169873487762633,2.031643615843529
