Formula,Energy,sigma bond length,Bond length
"['Ge', 'Hf', 'Ir', 'V']",-5976.349167483116,0.07451143523741963,1.998451348097948
