Formula,Energy,sigma bond length,Bond length
"['Ge', 'Hf', 'Ir', 'Mn']",-5856.881605027027,0.07649148734283692,1.9998777166300148
