Formula,Energy,sigma bond length,Bond length
"['Ge', 'Hf', 'Pt', 'Nb']",-6053.387520272587,0.08533157644794241,2.035207387119146
