Formula,Energy,sigma bond length,Bond length
"['Ge', 'Hf', 'Pt', 'V']",-5760.105453763088,0.07847797289373544,2.0041771115222398
