Formula,Energy,sigma bond length,Bond length
"['Ge', 'Hf', 'Pt', 'Mn']",-5625.891472619647,0.07104689564894277,2.0019721572866005
