Formula,Energy,sigma bond length,Bond length
"['Ge', 'Hf', 'Nb', 'V']",-6452.226621266799,0.09947077318471137,2.0288872641099833
