Formula,Energy,sigma bond length,Bond length
"['Ge', 'Hf', 'Nb', 'Mn']",-6366.181861854259,0.11840435339363513,2.033731754267935
