Formula,Energy,sigma bond length,Bond length
"['Ge', 'Hf', 'V', 'Mn']",-6024.273871086147,0.10459154985829862,1.9885344204674165
