Formula,Energy,sigma bond length,Bond length
"['Ge', 'Zr', 'Pb', 'Ce']",-5691.615669913798,0.17213781590655725,2.156353715619096
