Formula,Energy,sigma bond length,Bond length
"['Ge', 'Zr', 'Pb', 'Rh']",-5252.363866166942,0.11833269148364625,2.0767120373394676
