Formula,Energy,sigma bond length,Bond length
"['Ge', 'Zr', 'Pb', 'Ru']",-5441.196646193463,0.14029313149279687,2.0772782482855776
