Formula,Energy,sigma bond length,Bond length
"['Ge', 'Zr', 'Pb', 'Ir']",-5372.751920634626,0.13040314346527757,2.0755254606419866
