Formula,Energy,sigma bond length,Bond length
"['Ge', 'Zr', 'Pb', 'Pt']",-5137.8352885154145,0.11670859190496496,2.0831726689554504
