Formula,Energy,sigma bond length,Bond length
"['Ge', 'Zr', 'Pb', 'Nb']",-5883.626900790563,0.1890141832408666,2.1032317392202513
