Formula,Energy,sigma bond length,Bond length
"['Ge', 'Zr', 'Pb', 'V']",-5547.688388293662,0.17990427410309545,2.0818640375882826
