Formula,Energy,sigma bond length,Bond length
"['Ge', 'Zr', 'Pb', 'Mn']",-5388.3164583345415,0.12136272691822328,2.054051002730249
