Formula,Energy,sigma bond length,Bond length
"['Ge', 'Zr', 'Ce', 'Rh']",-5871.633631975474,0.1338050689726699,2.0819640407025215
