Formula,Energy,sigma bond length,Bond length
"['Ge', 'Zr', 'Ce', 'Ru']",-6044.836984694407,0.14387459057166785,2.0814192745128572
