Formula,Energy,sigma bond length,Bond length
"['Ge', 'Zr', 'Ce', 'Ir']",-5967.844843525551,0.13837348375020567,2.087093166842984
