Formula,Energy,sigma bond length,Bond length
"['Ge', 'Zr', 'Ce', 'Pt']",-5758.77808004076,0.13811908193188757,2.088375141310834
