Formula,Energy,sigma bond length,Bond length
"['Ge', 'Zr', 'Ce', 'Nb']",-6458.41207698596,0.18741737349593765,2.126504738990513
