Formula,Energy,sigma bond length,Bond length
"['Ge', 'Zr', 'Ce', 'V']",-6154.747168111356,0.1596487986723572,2.067146372973879
