Formula,Energy,sigma bond length,Bond length
"['Ge', 'Zr', 'Ce', 'Mn']",-6026.515091399965,0.15094687524632538,2.072935289889796
