Formula,Energy,sigma bond length,Bond length
"['Ge', 'Zr', 'Rh', 'Ru']",-5651.920688981743,0.08150162203560726,2.013235752360004
