Formula,Energy,sigma bond length,Bond length
"['Ge', 'Zr', 'Rh', 'Ir']",-5574.716965670952,0.07508683515145724,2.0183894241027334
