Formula,Energy,sigma bond length,Bond length
"['Ge', 'Zr', 'Rh', 'Pt']",-5347.476858758454,0.07640551539065808,2.024339797812192
