Formula,Energy,sigma bond length,Bond length
"['Ge', 'Zr', 'Rh', 'Nb']",-6059.182656697623,0.09897789770915773,2.0361427074081098
