Formula,Energy,sigma bond length,Bond length
"['Ge', 'Zr', 'Rh', 'V']",-5745.4629595141105,0.10238034242138055,2.004907529170321
