Formula,Energy,sigma bond length,Bond length
"['Ge', 'Zr', 'Rh', 'Mn']",-5607.954145376396,0.08836680281620822,2.00380903829996
