Formula,Energy,sigma bond length,Bond length
"['Ge', 'Zr', 'Ru', 'Ir']",-5737.916189595915,0.07892152216841879,2.0167078378362997
