Formula,Energy,sigma bond length,Bond length
"['Ge', 'Zr', 'Ru', 'Pt']",-5520.826864416163,0.07859895341841795,2.021621726052797
