Formula,Energy,sigma bond length,Bond length
"['Ge', 'Zr', 'Ru', 'Nb']",-6200.661785524393,0.0994457372328325,2.0347406066715794
