Formula,Energy,sigma bond length,Bond length
"['Ge', 'Zr', 'Ru', 'V']",-5915.768538737766,0.09613308515511229,2.004801992340603
