Formula,Energy,sigma bond length,Bond length
"['Ge', 'Zr', 'Ru', 'Mn']",-5800.27230210827,0.09948336350232134,2.0086799849207755
