Formula,Energy,sigma bond length,Bond length
"['Ge', 'Zr', 'Ir', 'Pt']",-5447.458327675627,0.07305866043695552,2.02576158238421
