Formula,Energy,sigma bond length,Bond length
"['Ge', 'Zr', 'Ir', 'Nb']",-6123.114814213632,0.09351766241332918,2.0392627780087977
