Formula,Energy,sigma bond length,Bond length
"['Ge', 'Zr', 'Ir', 'V']",-5842.549642902533,0.09220042545598942,2.008850748611054
