Formula,Energy,sigma bond length,Bond length
"['Ge', 'Zr', 'Ir', 'Mn']",-5724.741587747818,0.0911060064507832,2.0121394704614435
