Formula,Energy,sigma bond length,Bond length
"['Ge', 'Zr', 'Pt', 'Nb']",-5920.969848185897,0.09692922243342525,2.0429336811912067
