Formula,Energy,sigma bond length,Bond length
"['Ge', 'Zr', 'Pt', 'V']",-5621.437032319891,0.09246383522112894,2.0137873816622145
