Formula,Energy,sigma bond length,Bond length
"['Ge', 'Zr', 'Pt', 'Mn']",-5491.765437055314,0.0869650284523273,2.0140993666254983
