Formula,Energy,sigma bond length,Bond length
"['Ge', 'Zr', 'Nb', 'V']",-6314.181118095959,0.10968530038168002,2.0340450450739413
