Formula,Energy,sigma bond length,Bond length
"['Ge', 'Zr', 'Nb', 'Mn']",-6238.595817536172,0.12712582546706427,2.0439684513681393
