Formula,Energy,sigma bond length,Bond length
"['Ge', 'Zr', 'V', 'Mn']",-5898.1351346300125,0.12181498207003061,1.9968959968079314
