Formula,Energy,sigma bond length,Bond length
"['Ge', 'Pb', 'Ce', 'Rh']",-5077.753312044682,0.1675345819735504,2.12353117532586
