Formula,Energy,sigma bond length,Bond length
"['Ge', 'Pb', 'Ce', 'Ru']",-5270.7275602383415,0.19460841304640789,2.1205748275229834
