Formula,Energy,sigma bond length,Bond length
"['Ge', 'Pb', 'Ce', 'Ir']",-5192.927610342461,0.08134372189125845,1.9508107393111744
