Formula,Energy,sigma bond length,Bond length
"['Ge', 'Pb', 'Ce', 'Pt']",-4957.381181113165,0.14606320537748643,2.111173867755395
