Formula,Energy,sigma bond length,Bond length
"['Ge', 'Pb', 'Ce', 'Nb']",-5717.715401920589,0.06886895008182636,1.8686937024867114
