Formula,Energy,sigma bond length,Bond length
"['Ge', 'Pb', 'Ce', 'V']",-5384.160672611616,0.08419988340494844,1.8313289518952294
