Formula,Energy,sigma bond length,Bond length
"['Ge', 'Pb', 'Ce', 'Mn']",-5208.660147805709,0.17643448809868675,2.115153408370184
