Formula,Energy,sigma bond length,Bond length
"['Ge', 'Pb', 'Rh', 'Ru']",-4869.337954057936,0.10998550682584705,2.0309260442722445
