Formula,Energy,sigma bond length,Bond length
"['Ge', 'Pb', 'Rh', 'Ir']",-4799.184206355788,0.10253311759866081,2.0392370398494006
