Formula,Energy,sigma bond length,Bond length
"['Ge', 'Pb', 'Rh', 'Pt']",-4560.631509523069,0.09631994718547125,2.045765309330866
