Formula,Energy,sigma bond length,Bond length
"['Ge', 'Pb', 'Rh', 'Nb']",-5282.684506879831,0.1285570528363649,2.0661167911301384
