Formula,Energy,sigma bond length,Bond length
"['Ge', 'Pb', 'Rh', 'V']",-4954.8650715702515,0.1395842102286054,2.0333211202891985
