Formula,Energy,sigma bond length,Bond length
"['Ge', 'Pb', 'Rh', 'Mn']",-4804.601370018412,0.10514813661042607,2.0254406762187354
