Formula,Energy,sigma bond length,Bond length
"['Ge', 'Pb', 'Ru', 'Pt']",-4734.0009309200805,0.11371601983322766,2.052865573095003
