Formula,Energy,sigma bond length,Bond length
"['Ge', 'Pb', 'Ru', 'Nb']",-5445.863678691667,0.1541639723544988,2.054059415059568
