Formula,Energy,sigma bond length,Bond length
"['Ge', 'Pb', 'Ru', 'V']",-5131.644394890342,0.14185726928579592,2.0308263375304905
