Formula,Energy,sigma bond length,Bond length
"['Ge', 'Pb', 'Ru', 'Mn']",-4998.215596661688,0.11614493930942303,2.023832000198521
