Formula,Energy,sigma bond length,Bond length
"['Ge', 'Pb', 'Ir', 'Pt']",-4673.165257907975,0.1124817377439948,2.055926296195544
