Formula,Energy,sigma bond length,Bond length
"['Ge', 'Pb', 'Ir', 'Nb']",-5372.728299735744,0.17672508607033804,2.0790105955526412
