Formula,Energy,sigma bond length,Bond length
"['Ge', 'Pb', 'Ir', 'V']",-5065.90592114307,0.12818307712516497,2.0221258773789255
