Formula,Energy,sigma bond length,Bond length
"['Ge', 'Pb', 'Ir', 'Mn']",-4926.586729505464,0.13247806654361138,2.042532660572852
