Formula,Energy,sigma bond length,Bond length
"['Ge', 'Pb', 'Pt', 'Nb']",-5152.53202863685,0.13281257913757147,2.068627748428915
