Formula,Energy,sigma bond length,Bond length
"['Ge', 'Pb', 'Pt', 'V']",-4833.276432256932,0.13812815184148208,2.041474296844578
