Formula,Energy,sigma bond length,Bond length
"['Ge', 'Pb', 'Pt', 'Mn']",-4685.784868440527,0.10519592017395553,2.0360868005198776
