Formula,Energy,sigma bond length,Bond length
"['Ge', 'Pb', 'Nb', 'Mn']",-5431.049309313576,0.1481528588501487,2.070367965986986
