Formula,Energy,sigma bond length,Bond length
"['Ge', 'Pb', 'V', 'Mn']",-5093.87276724675,0.17472459530161902,2.044683629636977
