Formula,Energy,sigma bond length,Bond length
"['Ge', 'Ce', 'Rh', 'Ru']",-5457.319464065586,0.12987208195807953,2.0502641262927987
