Formula,Energy,sigma bond length,Bond length
"['Ge', 'Ce', 'Rh', 'Ir']",-5385.519858539708,0.14300612393234213,2.067713653004142
