Formula,Energy,sigma bond length,Bond length
"['Ge', 'Ce', 'Rh', 'Pt']",-5154.006134027523,0.12121485694124286,2.062323776872903
