Formula,Energy,sigma bond length,Bond length
"['Ge', 'Ce', 'Rh', 'Nb']",-5880.762254394396,0.14439544625603432,2.0696602080858435
