Formula,Energy,sigma bond length,Bond length
"['Ge', 'Ce', 'Rh', 'V']",-5555.956858189051,0.15363190742673802,2.036924841316508
