Formula,Energy,sigma bond length,Bond length
"['Ge', 'Ce', 'Ru', 'Ir']",-5549.8044490277025,0.15391523982785452,2.0698814867819157
