Formula,Energy,sigma bond length,Bond length
"['Ge', 'Ce', 'Ru', 'Pt']",-5324.326087137034,0.12797965763494962,2.059984906532731
