Formula,Energy,sigma bond length,Bond length
"['Ge', 'Ce', 'Ru', 'Nb']",-6023.427297437788,0.14914275183471082,2.0597247686304883
