Formula,Energy,sigma bond length,Bond length
"['Ge', 'Ce', 'Ru', 'V']",-5724.880800893568,0.15308206776668018,2.038095846960572
