Formula,Energy,sigma bond length,Bond length
"['Ge', 'Ce', 'Ru', 'Mn']",-5608.59171676171,0.14979164102638634,2.042764632838028
