Formula,Energy,sigma bond length,Bond length
"['Ge', 'Ce', 'Ir', 'Pt']",-5255.081496310708,0.12216389381724435,2.061731830966324
