Formula,Energy,sigma bond length,Bond length
"['Ge', 'Ce', 'Ir', 'Nb']",-5947.099767131508,0.14870760199746633,2.0644167243012657
