Formula,Energy,sigma bond length,Bond length
"['Ge', 'Ce', 'Ir', 'V']",-5646.7985087047455,0.14287579334549969,2.040953861805637
