Formula,Energy,sigma bond length,Bond length
"['Ge', 'Ce', 'Ir', 'Mn']",-5531.697527885176,0.1389624008965818,2.048465841428916
