Formula,Energy,sigma bond length,Bond length
"['Ge', 'Ce', 'Pt', 'Nb']",-5742.087359555144,0.14761531528962987,2.0714308648272532
