Formula,Energy,sigma bond length,Bond length
"['Ge', 'Ce', 'Pt', 'V']",-5428.987025115453,0.14944966881536528,2.043570164325957
