Formula,Energy,sigma bond length,Bond length
"['Ge', 'Ce', 'Nb', 'Mn']",-6053.960527308266,0.1573392281270984,2.064105643925419
