Formula,Energy,sigma bond length,Bond length
"['Ge', 'Rh', 'Ru', 'Ir']",-5197.919982795347,0.03900372920108769,1.9782265863957371
