Formula,Energy,sigma bond length,Bond length
"['Ge', 'Rh', 'Ru', 'Pt']",-4961.976859065564,0.08196904497983201,1.9949827084715022
