Formula,Energy,sigma bond length,Bond length
"['Ge', 'Rh', 'Ru', 'Nb']",-5655.686224376651,0.06762254102494392,2.000610698419654
