Formula,Energy,sigma bond length,Bond length
"['Ge', 'Rh', 'Ru', 'Mn']",-5230.34782046982,0.042409606831655344,1.9646791417140401
