Formula,Energy,sigma bond length,Bond length
"['Ge', 'Rh', 'Ir', 'Pt']",-4895.638341585953,0.039948613717490415,1.9905053982973808
