Formula,Energy,sigma bond length,Bond length
"['Ge', 'Rh', 'Ir', 'Nb']",-5580.702120016928,0.0633740976439278,2.0041011731489347
