Formula,Energy,sigma bond length,Bond length
"['Ge', 'Rh', 'Ir', 'V']",-5281.71952301651,0.054016171200787645,1.9696821180205102
