Formula,Energy,sigma bond length,Bond length
"['Ge', 'Rh', 'Pt', 'Nb']",-5361.584545382782,0.06592344228814032,2.0091383406858534
