Formula,Energy,sigma bond length,Bond length
"['Ge', 'Rh', 'Pt', 'V']",-5047.495552482278,0.06192087980415339,1.9768589689446885
