Formula,Energy,sigma bond length,Bond length
"['Ge', 'Rh', 'Pt', 'Mn']",-4917.784713721207,0.03963492104791931,1.9755769866588553
