Formula,Energy,sigma bond length,Bond length
"['Ge', 'Rh', 'Nb', 'V']",-5753.217458074584,0.08424334557425844,1.9952946528102329
