Formula,Energy,sigma bond length,Bond length
"['Ge', 'Rh', 'Nb', 'Mn']",-5642.2241103415745,0.0746701657234958,1.9948901135240615
