Formula,Energy,sigma bond length,Bond length
"['Ge', 'Rh', 'V', 'Mn']",-5310.1401358184585,0.06449232010608233,1.9562544188449182
