Formula,Energy,sigma bond length,Bond length
"['Ge', 'Ru', 'Ir', 'Pt']",-5054.628017389329,0.03912507475101856,1.987699239791868
