Formula,Energy,sigma bond length,Bond length
"['Ge', 'Ru', 'Ir', 'Nb']",-5722.7006900884335,0.0622981507531843,2.0031020822665613
