Formula,Energy,sigma bond length,Bond length
"['Ge', 'Ru', 'Ir', 'V']",-5438.975040892269,0.04534582774862644,1.9683126618599183
