Formula,Energy,sigma bond length,Bond length
"['Ge', 'Ru', 'Ir', 'Mn']",-5329.725347983081,0.045771670198651956,1.971073113947701
