Formula,Energy,sigma bond length,Bond length
"['Ge', 'Ru', 'Pt', 'Nb']",-5511.830006959109,0.06610262648423924,2.0081813755123403
