Formula,Energy,sigma bond length,Bond length
"['Ge', 'Ru', 'Pt', 'V']",-5216.583007763919,0.05031583684858271,1.9745833949689169
