Formula,Energy,sigma bond length,Bond length
"['Ge', 'Ru', 'Pt', 'Mn']",-5099.179770536806,0.0473361613012708,1.9769003087832124
