Formula,Energy,sigma bond length,Bond length
"['Ge', 'Ru', 'Nb', 'Mn']",-5807.01557280417,0.08853545195499418,2.000414274171811
