Formula,Energy,sigma bond length,Bond length
"['Ge', 'Ru', 'V', 'Mn']",-5494.832876364973,0.06562451870667185,1.9591063125342902
