Formula,Energy,sigma bond length,Bond length
"['Ge', 'Ir', 'Pt', 'Nb']",-5436.795318309489,0.0590748506295859,2.0110835485126968
