Formula,Energy,sigma bond length,Bond length
"['Ge', 'Ir', 'Pt', 'Mn']",-5025.748780423273,0.04729826982254578,1.9830981909112544
