Formula,Energy,sigma bond length,Bond length
"['Ge', 'Ir', 'Nb', 'V']",-5822.700491225825,0.0755350109093343,2.000092366381366
