Formula,Energy,sigma bond length,Bond length
"['Ge', 'Ir', 'V', 'Mn']",-5424.466295569126,0.07097802260235396,1.9650000933646004
