Formula,Energy,sigma bond length,Bond length
"['Ge', 'Pt', 'Nb', 'V']",-5616.422355527715,0.0755917717148597,2.0053332038888296
