Formula,Energy,sigma bond length,Bond length
"['Ge', 'Pt', 'Nb', 'Mn']",-5515.219785562292,0.08447278898381548,2.0101802779843916
