Formula,Energy,sigma bond length,Bond length
"['Ge', 'Pt', 'V', 'Mn']",-5188.699048354567,0.07189837829649896,1.9704952386917338
