Formula,Energy,sigma bond length,Bond length
"['Ti', 'Sn', 'Hf', 'Zr']",-6678.717763871151,0.09445470034639812,2.083373653476965
