Formula,Energy,sigma bond length,Bond length
"['Ti', 'Sn', 'Hf', 'Pb']",-5877.078920449732,0.09880998439565172,2.100407310461218
