Formula,Energy,sigma bond length,Bond length
"['Ti', 'Sn', 'Hf', 'Ce']",-6496.553838791412,0.11957543728818165,2.113577923525968
