Formula,Energy,sigma bond length,Bond length
"['Ti', 'Sn', 'Hf', 'Rh']",-6074.258738443844,0.07202873937648716,2.0467572804336873
