Formula,Energy,sigma bond length,Bond length
"['Ti', 'Sn', 'Hf', 'Ru']",-6241.818296278012,0.07430793238845676,2.0462998504913874
