Formula,Energy,sigma bond length,Bond length
"['Ti', 'Sn', 'Hf', 'Ir']",-6170.878593589245,0.07127298260088111,2.0475381430559043
