Formula,Energy,sigma bond length,Bond length
"['Ti', 'Sn', 'Hf', 'Pt']",-5953.324166766022,0.0667319250285837,2.0516122705459483
