Formula,Energy,sigma bond length,Bond length
"['Ti', 'Sn', 'Hf', 'Nb']",-6619.302742560173,0.09580020187738879,2.0748746564105556
