Formula,Energy,sigma bond length,Bond length
"['Ti', 'Sn', 'Hf', 'V']",-6347.999418531112,0.10200648942493455,2.042251918880274
