Formula,Energy,sigma bond length,Bond length
"['Ti', 'Sn', 'Hf', 'Mn']",-6211.132818389769,0.0886126663882047,2.0323609780003458
