Formula,Energy,sigma bond length,Bond length
"['Ti', 'Sn', 'Zr', 'Pb']",-5746.650399644134,0.10256043370950199,2.1096309410370697
