Formula,Energy,sigma bond length,Bond length
"['Ti', 'Sn', 'Zr', 'Ce']",-6368.4591615543995,0.12347623052270845,2.1209739402098466
