Formula,Energy,sigma bond length,Bond length
"['Ti', 'Sn', 'Zr', 'Rh']",-5938.086846332884,0.08426540567820144,2.0582654525724013
