Formula,Energy,sigma bond length,Bond length
"['Ti', 'Sn', 'Zr', 'Ru']",-6102.41986003184,0.08762572023968972,2.0574447240015057
