Formula,Energy,sigma bond length,Bond length
"['Ti', 'Sn', 'Zr', 'Ir']",-6033.73315832486,0.08140484746924959,2.0585312397448563
