Formula,Energy,sigma bond length,Bond length
"['Ti', 'Sn', 'Zr', 'Pt']",-5814.75589357885,0.07830711816736108,2.0630287863769805
