Formula,Energy,sigma bond length,Bond length
"['Ti', 'Sn', 'Zr', 'Nb']",-6483.993077497409,0.10414968619187669,2.0845977654934225
