Formula,Energy,sigma bond length,Bond length
"['Ti', 'Sn', 'Zr', 'V']",-6214.867095223071,0.11208512408702034,2.0532851704439397
