Formula,Energy,sigma bond length,Bond length
"['Ti', 'Sn', 'Zr', 'Mn']",-6082.913567292728,0.09873977686394365,2.0441022987834785
