Formula,Energy,sigma bond length,Bond length
"['Ti', 'Sn', 'Pb', 'Ce']",-5565.790036486145,0.12196380863824823,2.1380472731379894
