Formula,Energy,sigma bond length,Bond length
"['Ti', 'Sn', 'Pb', 'Rh']",-5140.638324066718,0.098817748454829,2.0786227285636025
