Formula,Energy,sigma bond length,Bond length
"['Ti', 'Sn', 'Pb', 'Ru']",-5319.247977461401,0.11555851068959784,2.0827215335127467
