Formula,Energy,sigma bond length,Bond length
"['Ti', 'Sn', 'Pb', 'Ir']",-5254.1144059514145,0.11123098185020658,2.083831134047895
