Formula,Energy,sigma bond length,Bond length
"['Ti', 'Sn', 'Pb', 'Pt']",-5022.002361622896,0.09802089968861832,2.085315395808881
