Formula,Energy,sigma bond length,Bond length
"['Ti', 'Sn', 'Pb', 'Nb']",-5753.870459614064,0.16380855058160496,2.1115369543518954
