Formula,Energy,sigma bond length,Bond length
"['Ti', 'Sn', 'Pb', 'V']",-5425.557769987965,0.13251995269614592,2.069825120886444
