Formula,Energy,sigma bond length,Bond length
"['Ti', 'Sn', 'Pb', 'Mn']",-5266.550348956094,0.10746847358108125,2.0592937309101567
