Formula,Energy,sigma bond length,Bond length
"['Ti', 'Sn', 'Ce', 'Rh']",-5746.026478619691,0.1183527691893851,2.0909125640291424
