Formula,Energy,sigma bond length,Bond length
"['Ti', 'Sn', 'Ce', 'Ru']",-5915.315710244287,0.12126139260984606,2.0895051537508547
