Formula,Energy,sigma bond length,Bond length
"['Ti', 'Sn', 'Ce', 'Ir']",-5842.280855578927,0.11738815912863478,2.091821659755053
