Formula,Energy,sigma bond length,Bond length
"['Ti', 'Sn', 'Ce', 'Pt']",-5629.119383961767,0.11264247031264789,2.0948523098689162
