Formula,Energy,sigma bond length,Bond length
"['Ti', 'Sn', 'Ce', 'Nb']",-6325.587145646167,0.14529822074802468,2.103852040403703
