Formula,Energy,sigma bond length,Bond length
"['Ti', 'Sn', 'Ce', 'V']",-6026.632397431843,0.15987620700439742,2.0988992411463596
