Formula,Energy,sigma bond length,Bond length
"['Ti', 'Sn', 'Ce', 'Mn']",-5891.759046171841,0.13235899203357127,2.076067418654519
