Formula,Energy,sigma bond length,Bond length
"['Ti', 'Sn', 'Rh', 'Ru']",-5532.2327766498365,0.05837871457917053,2.019930217310913
