Formula,Energy,sigma bond length,Bond length
"['Ti', 'Sn', 'Rh', 'Ir']",-5464.656949144621,0.05722999082933154,2.0224103503817
