Formula,Energy,sigma bond length,Bond length
"['Ti', 'Sn', 'Rh', 'Pt']",-5231.2640462706295,0.055107845262968615,2.0280999118022978
