Formula,Energy,sigma bond length,Bond length
"['Ti', 'Sn', 'Rh', 'Nb']",-5940.078265604212,0.09030694967935328,2.0455534633283086
