Formula,Energy,sigma bond length,Bond length
"['Ti', 'Sn', 'Rh', 'V']",-5625.821629400283,0.08388188669141444,2.0123158233989615
