Formula,Energy,sigma bond length,Bond length
"['Ti', 'Sn', 'Rh', 'Mn']",-5483.946356460917,0.0684171507660316,2.0080259166690797
