Formula,Energy,sigma bond length,Bond length
"['Ti', 'Sn', 'Ru', 'Ir']",-5620.621025166094,0.054282326647714076,2.0204303536281696
