Formula,Energy,sigma bond length,Bond length
"['Ti', 'Sn', 'Ru', 'Pt']",-5396.927321946115,0.05759891232638004,2.026173447696274
