Formula,Energy,sigma bond length,Bond length
"['Ti', 'Sn', 'Ru', 'Nb']",-6076.885536609249,0.08518387338601445,2.045759619886225
