Formula,Energy,sigma bond length,Bond length
"['Ti', 'Sn', 'Ru', 'V']",-5791.4904094759395,0.07848016182526513,2.0125153119116828
