Formula,Energy,sigma bond length,Bond length
"['Ti', 'Sn', 'Ru', 'Mn']",-5671.437235723455,0.07956142475439094,2.0147578960917953
