Formula,Energy,sigma bond length,Bond length
"['Ti', 'Sn', 'Ir', 'Pt']",-5327.791886058334,0.052141048127036696,2.028652457708773
