Formula,Energy,sigma bond length,Bond length
"['Ti', 'Sn', 'Ir', 'Nb']",-6001.944900987828,0.08319584744582342,2.047327742038019
