Formula,Energy,sigma bond length,Bond length
"['Ti', 'Sn', 'Ir', 'V']",-5705.453018163058,0.08217852864670386,2.0189943025119574
