Formula,Energy,sigma bond length,Bond length
"['Ti', 'Sn', 'Ir', 'Mn']",-5600.144559989723,0.07676044906990846,2.0171433425236476
