Formula,Energy,sigma bond length,Bond length
"['Ti', 'Sn', 'Pt', 'Nb']",-5791.263656867173,0.08377377374220832,2.0515272127496442
