Formula,Energy,sigma bond length,Bond length
"['Ti', 'Sn', 'Pt', 'V']",-5498.076020424271,0.07526524355543215,2.019016721915957
