Formula,Energy,sigma bond length,Bond length
"['Ti', 'Sn', 'Pt', 'Mn']",-5366.548684280646,0.0714828576145335,2.0188146626292762
