Formula,Energy,sigma bond length,Bond length
"['Ti', 'Sn', 'Nb', 'V']",-6196.7948751472895,0.10224057359196662,2.0466658093131205
