Formula,Energy,sigma bond length,Bond length
"['Ti', 'Sn', 'Nb', 'Mn']",-6111.459323135181,0.11375856854731901,2.0502004659641595
