Formula,Energy,sigma bond length,Bond length
"['Ti', 'Sn', 'V', 'Mn']",-5770.334690568142,0.10532639921851511,2.0055009389143503
