Formula,Energy,sigma bond length,Bond length
"['Ti', 'Hf', 'Zr', 'Pb']",-6494.780542495657,0.10943526218202392,2.1109464752942966
