Formula,Energy,sigma bond length,Bond length
"['Ti', 'Hf', 'Zr', 'Ce']",-7123.18587845812,0.12763395920889917,2.1228463185820665
