Formula,Energy,sigma bond length,Bond length
"['Ti', 'Hf', 'Zr', 'Rh']",-6688.173980339486,0.0818205619344106,2.0566889356712896
