Formula,Energy,sigma bond length,Bond length
"['Ti', 'Hf', 'Zr', 'Ru']",-6854.705013610405,0.0876991423299384,2.0560951236658145
