Formula,Energy,sigma bond length,Bond length
"['Ti', 'Hf', 'Zr', 'Ir']",-6781.825635552932,0.08088980236081304,2.056363102056721
