Formula,Energy,sigma bond length,Bond length
"['Ti', 'Hf', 'Zr', 'Pt']",-6569.655520011943,0.08047259909170895,2.062606492217005
