Formula,Energy,sigma bond length,Bond length
"['Ti', 'Hf', 'Zr', 'Nb']",-7223.467956171946,0.0996272423523093,2.0791761090968315
