Formula,Energy,sigma bond length,Bond length
"['Ti', 'Hf', 'Zr', 'V']",-6961.9496439576415,0.11426712532450861,2.0528258988760073
