Formula,Energy,sigma bond length,Bond length
"['Ti', 'Hf', 'Zr', 'Mn']",-6829.880565384855,0.10028638581057168,2.0438943117257975
