Formula,Energy,sigma bond length,Bond length
"['Ti', 'Hf', 'Pb', 'Ce']",-6320.244203986025,0.12653181071695807,2.137760672532702
