Formula,Energy,sigma bond length,Bond length
"['Ti', 'Hf', 'Pb', 'Rh']",-5890.3163117276745,0.10289676162298754,2.077104653105399
