Formula,Energy,sigma bond length,Bond length
"['Ti', 'Hf', 'Pb', 'Ru']",-6071.886826033271,0.11953425587423676,2.080255821038665
