Formula,Energy,sigma bond length,Bond length
"['Ti', 'Hf', 'Pb', 'Pt']",-5750.854426024143,0.11263518446749236,2.0833336993994718
