Formula,Energy,sigma bond length,Bond length
"['Ti', 'Hf', 'Pb', 'Nb']",-6516.814640967648,0.176848313498447,2.108503089883884
