Formula,Energy,sigma bond length,Bond length
"['Ti', 'Hf', 'Pb', 'V']",-6172.270964677653,0.13861488745936837,2.067283482634732
