Formula,Energy,sigma bond length,Bond length
"['Ti', 'Hf', 'Pb', 'Mn']",-6009.00527123017,0.1095932295779719,2.057951718858403
