Formula,Energy,sigma bond length,Bond length
"['Ti', 'Hf', 'Ce', 'Rh']",-6507.389880426369,0.12017342125867499,2.0905759659721523
