Formula,Energy,sigma bond length,Bond length
"['Ti', 'Hf', 'Ce', 'Ru']",-6672.483058137208,0.12497875987541417,2.0916225096297936
