Formula,Energy,sigma bond length,Bond length
"['Ti', 'Hf', 'Ce', 'Ir']",-6600.286706850828,0.1179370149963995,2.087446017193036
