Formula,Energy,sigma bond length,Bond length
"['Ti', 'Hf', 'Ce', 'Pt']",-6392.440478067773,0.11625635822463193,2.0948907035825868
