Formula,Energy,sigma bond length,Bond length
"['Ti', 'Hf', 'Ce', 'Nb']",-7073.7358618004955,0.14430231309421176,2.102838134822995
