Formula,Energy,sigma bond length,Bond length
"['Ti', 'Hf', 'Ce', 'V']",-6780.315141094006,0.14503967359417078,2.081821493976918
