Formula,Energy,sigma bond length,Bond length
"['Ti', 'Hf', 'Ce', 'Mn']",-6648.709197710791,0.1395890734595437,2.0781888419504715
