Formula,Energy,sigma bond length,Bond length
"['Ti', 'Hf', 'Rh', 'Ru']",-6284.7155418569155,0.0641222391227328,2.020081612781397
