Formula,Energy,sigma bond length,Bond length
"['Ti', 'Hf', 'Rh', 'Ir']",-6215.302631056762,0.05727905798543043,2.022592645764735
