Formula,Energy,sigma bond length,Bond length
"['Ti', 'Hf', 'Rh', 'Pt']",-5986.441133840249,0.05452013485147736,2.0279369538647813
