Formula,Energy,sigma bond length,Bond length
"['Ti', 'Hf', 'Rh', 'Nb']",-6694.1527321232015,0.09237542612149638,2.045176703412572
