Formula,Energy,sigma bond length,Bond length
"['Ti', 'Hf', 'Rh', 'Mn']",-6232.8534489968415,0.0697580780523659,2.007303629754953
