Formula,Energy,sigma bond length,Bond length
"['Ti', 'Hf', 'Ru', 'Ir']",-6277.727609172941,0.08382087329472152,2.080137625307592
