Formula,Energy,sigma bond length,Bond length
"['Ti', 'Hf', 'Ru', 'Pt']",-6152.028313124328,0.05583697440721764,2.0256000300196524
