Formula,Energy,sigma bond length,Bond length
"['Ti', 'Hf', 'Ru', 'Nb']",-6828.991409424527,0.08846862696569877,2.0439966624946067
