Formula,Energy,sigma bond length,Bond length
"['Ti', 'Hf', 'Ru', 'V']",-6538.824555171685,0.07924950003914912,2.0118058655776037
