Formula,Energy,sigma bond length,Bond length
"['Ti', 'Hf', 'Ru', 'Mn']",-6418.481520268167,0.08499277693329452,2.0143331831322935
