Formula,Energy,sigma bond length,Bond length
"['Ti', 'Hf', 'Ir', 'Pt']",-6082.6648578261265,0.051596396906525364,2.028072883892365
