Formula,Energy,sigma bond length,Bond length
"['Ti', 'Hf', 'Ir', 'Nb']",-6749.940486183137,0.08097202893904264,2.04488554585878
