Formula,Energy,sigma bond length,Bond length
"['Ti', 'Hf', 'Ir', 'V']",-6468.272251328179,0.07477630412905716,2.01300861461356
