Formula,Energy,sigma bond length,Bond length
"['Ti', 'Hf', 'Ir', 'Mn']",-6348.198122606377,0.07783968780537628,2.0162925137842853
