Formula,Energy,sigma bond length,Bond length
"['Ti', 'Hf', 'Pt', 'Nb']",-6545.533467079471,0.08476675516248479,2.049496403453007
