Formula,Energy,sigma bond length,Bond length
"['Ti', 'Hf', 'Pt', 'V']",-6250.021734924927,0.07963165107589469,2.019826921559288
