Formula,Energy,sigma bond length,Bond length
"['Ti', 'Hf', 'Pt', 'Mn']",-6118.344434712439,0.07460508407551676,2.0191933077872855
