Formula,Energy,sigma bond length,Bond length
"['Ti', 'Hf', 'Nb', 'V']",-6945.264866030882,0.10400293292986253,2.046868377226718
