Formula,Energy,sigma bond length,Bond length
"['Ti', 'Hf', 'Nb', 'Mn']",-6863.613246820359,0.12177913288087129,2.05395683039673
