Formula,Energy,sigma bond length,Bond length
"['Ti', 'Hf', 'V', 'Mn']",-6515.323157585642,0.10920419216686034,2.0049252354018305
