Formula,Energy,sigma bond length,Bond length
"['Ti', 'Zr', 'Pb', 'Ce']",-6188.5454192213965,0.12745156753901302,2.145184969381406
