Formula,Energy,sigma bond length,Bond length
"['Ti', 'Zr', 'Pb', 'Rh']",-5755.2440463833855,0.10968833275540983,2.088077119182306
