Formula,Energy,sigma bond length,Bond length
"['Ti', 'Zr', 'Pb', 'Ru']",-5938.2389444524615,0.12963069824596427,2.0904026033941316
