Formula,Energy,sigma bond length,Bond length
"['Ti', 'Zr', 'Pb', 'Ir']",-5867.490837547293,0.11895381984975797,2.089939851553026
