Formula,Energy,sigma bond length,Bond length
"['Ti', 'Zr', 'Pb', 'Pt']",-5637.856999366137,0.106594538092703,2.0940141085375776
