Formula,Energy,sigma bond length,Bond length
"['Ti', 'Zr', 'Pb', 'Nb']",-6382.34119803938,0.17960082636562566,2.1166727393460145
