Formula,Energy,sigma bond length,Bond length
"['Ti', 'Zr', 'Pb', 'V']",-6043.714015773739,0.15012842640225027,2.076695705874462
