Formula,Energy,sigma bond length,Bond length
"['Ti', 'Zr', 'Pb', 'Mn']",-5879.72118180514,0.13262398720069954,2.081408957816956
