Formula,Energy,sigma bond length,Bond length
"['Ti', 'Zr', 'Ce', 'Rh']",-6376.468357136346,0.12692835167160957,2.099119927496556
