Formula,Energy,sigma bond length,Bond length
"['Ti', 'Zr', 'Ce', 'Ru']",-6546.5527285249445,0.12825698051569984,2.095764941128026
