Formula,Energy,sigma bond length,Bond length
"['Ti', 'Zr', 'Ce', 'Ir']",-6466.932382057692,0.12390729863243255,2.0978681550874128
