Formula,Energy,sigma bond length,Bond length
"['Ti', 'Zr', 'Ce', 'Pt']",-6257.3529897345525,0.12153518890785543,2.1040479820831246
