Formula,Energy,sigma bond length,Bond length
"['Ti', 'Zr', 'Ce', 'Nb']",-6938.646600802381,0.16772144186146315,2.1321680506462592
