Formula,Energy,sigma bond length,Bond length
"['Ti', 'Zr', 'Ce', 'V']",-6652.0576003992455,0.15144232235747596,2.0873531516448027
