Formula,Energy,sigma bond length,Bond length
"['Ti', 'Zr', 'Ce', 'Mn']",-6525.54549158302,0.1486381741388651,2.0866558554785875
