Formula,Energy,sigma bond length,Bond length
"['Ti', 'Zr', 'Rh', 'Ru']",-6143.532030521148,0.07991929730338512,2.0303016612455047
