Formula,Energy,sigma bond length,Bond length
"['Ti', 'Zr', 'Rh', 'Ir']",-6075.69988311303,0.07019709267734853,2.0317630879256834
