Formula,Energy,sigma bond length,Bond length
"['Ti', 'Zr', 'Rh', 'Pt']",-5843.035125905249,0.06953410336146136,2.038246033229065
