Formula,Energy,sigma bond length,Bond length
"['Ti', 'Zr', 'Rh', 'Nb']",-6557.8176231130865,0.10256468645609251,2.054090093486247
