Formula,Energy,sigma bond length,Bond length
"['Ti', 'Zr', 'Rh', 'V']",-6234.8281527333265,0.1020634392759736,2.021681274946464
