Formula,Energy,sigma bond length,Bond length
"['Ti', 'Zr', 'Rh', 'Mn']",-6098.650146414805,0.0869824555233353,2.0190947265444414
