Formula,Energy,sigma bond length,Bond length
"['Ti', 'Zr', 'Ru', 'Ir']",-6227.05530488979,0.07474843524143206,2.0308536981234835
