Formula,Energy,sigma bond length,Bond length
"['Ti', 'Zr', 'Ru', 'Pt']",-6009.220675093591,0.07109420937857759,2.0357953643924653
