Formula,Energy,sigma bond length,Bond length
"['Ti', 'Zr', 'Ru', 'Nb']",-6689.4825271206955,0.10331372994278347,2.054546371330688
