Formula,Energy,sigma bond length,Bond length
"['Ti', 'Zr', 'Ru', 'V']",-6403.888746901967,0.09418093050889047,2.020617762120056
