Formula,Energy,sigma bond length,Bond length
"['Ti', 'Zr', 'Ru', 'Mn']",-6287.638776971946,0.09931030097646261,2.0252147021499756
