Formula,Energy,sigma bond length,Bond length
"['Ti', 'Zr', 'Ir', 'Pt']",-5939.771075490256,0.06741897943011874,2.038551541488253
