Formula,Energy,sigma bond length,Bond length
"['Ti', 'Zr', 'Ir', 'Nb']",-6611.191062637756,0.09738460918851363,2.056090025684827
