Formula,Energy,sigma bond length,Bond length
"['Ti', 'Zr', 'Ir', 'V']",-6329.958067703169,0.08873969686949594,2.0229042225304266
