Formula,Energy,sigma bond length,Bond length
"['Ti', 'Zr', 'Ir', 'Mn']",-6211.078507453443,0.0943752035195552,2.02941531784387
