Formula,Energy,sigma bond length,Bond length
"['Ti', 'Zr', 'Pt', 'Nb']",-6406.381925844449,0.0974924192346531,2.05970965919587
