Formula,Energy,sigma bond length,Bond length
"['Ti', 'Zr', 'Pt', 'V']",-6112.436723304572,0.09161944460716409,2.028625547061657
