Formula,Energy,sigma bond length,Bond length
"['Ti', 'Zr', 'Pt', 'Mn']",-5982.765560957826,0.08746345555556877,2.030175195359518
