Formula,Energy,sigma bond length,Bond length
"['Ti', 'Zr', 'Nb', 'V']",-6808.506397903936,0.11325826216580959,2.056733952908764
