Formula,Energy,sigma bond length,Bond length
"['Ti', 'Zr', 'Nb', 'Mn']",-6728.307316839395,0.1302025749973608,2.061554519854926
