Formula,Energy,sigma bond length,Bond length
"['Ti', 'Zr', 'V', 'Mn']",-6385.719189146585,0.12259226710621629,2.012321255231556
