Formula,Energy,sigma bond length,Bond length
"['Ti', 'Pb', 'Ce', 'Rh']",-5580.153889447805,0.1353646338711858,2.117742015226737
