Formula,Energy,sigma bond length,Bond length
"['Ti', 'Pb', 'Ce', 'Ru']",-5760.726575044824,0.17027013958507753,2.132986321392164
