Formula,Energy,sigma bond length,Bond length
"['Ti', 'Pb', 'Ce', 'Ir']",-5692.291687327232,0.06729589672647676,1.9735357917390448
