Formula,Energy,sigma bond length,Bond length
"['Ti', 'Pb', 'Ce', 'Pt']",-5459.653085647067,0.13047200427692365,2.1234597333449896
