Formula,Energy,sigma bond length,Bond length
"['Ti', 'Pb', 'Rh', 'Ru']",-5360.821845592283,0.1102225996869893,2.055730009103017
