Formula,Energy,sigma bond length,Bond length
"['Ti', 'Pb', 'Rh', 'Ir']",-5299.429318798375,0.11040822467126692,2.0603661312363744
