Formula,Energy,sigma bond length,Bond length
"['Ti', 'Pb', 'Rh', 'Pt']",-5054.771094049827,0.0923881760574118,2.0594206752218076
