Formula,Energy,sigma bond length,Bond length
"['Ti', 'Pb', 'Rh', 'Nb']",-5777.979572439355,0.14430629592123098,2.0898851422644604
