Formula,Energy,sigma bond length,Bond length
"['Ti', 'Pb', 'Rh', 'V']",-5446.305446851479,0.13467971796166778,2.047636174948597
