Formula,Energy,sigma bond length,Bond length
"['Ti', 'Pb', 'Rh', 'Mn']",-5294.930397174959,0.10512286607671378,2.0408093799587794
