Formula,Energy,sigma bond length,Bond length
"['Ti', 'Pb', 'Ru', 'Ir']",-5461.301537271283,0.13789682659563526,2.072749608936128
