Formula,Energy,sigma bond length,Bond length
"['Ti', 'Pb', 'Ru', 'Pt']",-5229.258842735895,0.11086498299288147,2.063670240921736
