Formula,Energy,sigma bond length,Bond length
"['Ti', 'Pb', 'Ru', 'V']",-5623.542734158694,0.15129889754908818,2.061499399588364
