Formula,Energy,sigma bond length,Bond length
"['Ti', 'Pb', 'Ru', 'Mn']",-5488.364512420964,0.12568623230199266,2.0508954431741913
