Formula,Energy,sigma bond length,Bond length
"['Ti', 'Pb', 'Ir', 'Pt']",-5163.549426096761,0.1099904657299238,2.067704844564845
