Formula,Energy,sigma bond length,Bond length
"['Ti', 'Pb', 'Ir', 'Nb']",-5869.981614946843,0.1463772063979963,2.0683658641573768
