Formula,Energy,sigma bond length,Bond length
"['Ti', 'Pb', 'Ir', 'V']",-5557.353413652292,0.13159998575013915,2.0494318566160112
