Formula,Energy,sigma bond length,Bond length
"['Ti', 'Pb', 'Ir', 'Mn']",-5421.931425114679,0.12394820628505565,2.0534478127905995
