Formula,Energy,sigma bond length,Bond length
"['Ti', 'Pb', 'Pt', 'Nb']",-5652.760959370859,0.15865793902040487,2.099773512827515
