Formula,Energy,sigma bond length,Bond length
"['Ti', 'Pb', 'Pt', 'V']",-5323.640387143683,0.12819478690735545,2.0531143489147223
