Formula,Energy,sigma bond length,Bond length
"['Ti', 'Pb', 'Pt', 'Mn']",-5175.991732089708,0.1045118224840153,2.049478213333414
