Formula,Energy,sigma bond length,Bond length
"['Ti', 'Pb', 'Nb', 'Mn']",-5927.959229718234,0.1414334130319341,2.079826636602945
