Formula,Energy,sigma bond length,Bond length
"['Ti', 'Pb', 'V', 'Mn']",-5583.317754214866,0.16776302476181001,2.0532681463285063
