Formula,Energy,sigma bond length,Bond length
"['Ti', 'Ce', 'Rh', 'Ru']",-5959.164519538358,0.12235181923722065,2.0630041180365386
