Formula,Energy,sigma bond length,Bond length
"['Ti', 'Ce', 'Rh', 'Ir']",-5886.900480812895,0.1176316047628248,2.0680562795246997
