Formula,Energy,sigma bond length,Bond length
"['Ti', 'Ce', 'Rh', 'Pt']",-5657.082567730531,0.11250575359784008,2.0743593758393346
