Formula,Energy,sigma bond length,Bond length
"['Ti', 'Ce', 'Rh', 'Nb']",-6380.655265169158,0.15258583290850125,2.0986733008535436
