Formula,Energy,sigma bond length,Bond length
"['Ti', 'Ce', 'Rh', 'V']",-6053.903832873713,0.1455974284297637,2.049266484113832
