Formula,Energy,sigma bond length,Bond length
"['Ti', 'Ce', 'Rh', 'Mn']",-5911.87466498615,0.13405815609341823,2.055368801040582
