Formula,Energy,sigma bond length,Bond length
"['Ti', 'Ce', 'Ru', 'Pt']",-5825.468050684931,0.1192663064137517,2.071570091552121
