Formula,Energy,sigma bond length,Bond length
"['Ti', 'Ce', 'Ru', 'Nb']",-6522.417008621111,0.1570750673261985,2.101220496047285
