Formula,Energy,sigma bond length,Bond length
"['Ti', 'Ce', 'Ru', 'V']",-6216.172568070373,0.13969059833107203,2.056227148590703
