Formula,Energy,sigma bond length,Bond length
"['Ti', 'Ce', 'Ru', 'Mn']",-6103.748912347757,0.13935069318091364,2.0561478682837744
