Formula,Energy,sigma bond length,Bond length
"['Ti', 'Ce', 'Ir', 'Pt']",-5755.4102855250585,0.1129478823709886,2.072642656455899
