Formula,Energy,sigma bond length,Bond length
"['Ti', 'Ce', 'Ir', 'Nb']",-6442.034354315985,0.1554628437723313,2.101291752560171
