Formula,Energy,sigma bond length,Bond length
"['Ti', 'Ce', 'Ir', 'V']",-6142.743291703102,0.13564965725845143,2.0568426347474005
