Formula,Energy,sigma bond length,Bond length
"['Ti', 'Ce', 'Ir', 'Mn']",-6025.14023719492,0.14006741481051446,2.062062593766507
