Formula,Energy,sigma bond length,Bond length
"['Ti', 'Ce', 'Pt', 'Nb']",-6239.527633886325,0.13773247786627618,2.0895710481019525
