Formula,Energy,sigma bond length,Bond length
"['Ti', 'Ce', 'Pt', 'V']",-5928.034399910895,0.13675002524233548,2.061044182762668
