Formula,Energy,sigma bond length,Bond length
"['Ti', 'Ce', 'Pt', 'Mn']",-5794.331500156282,0.1319896715049701,2.067935295871629
