Formula,Energy,sigma bond length,Bond length
"['Ti', 'Ce', 'Nb', 'V']",-6636.274405715563,0.16392927636723217,2.1009702282299254
