Formula,Energy,sigma bond length,Bond length
"['Ti', 'Ce', 'Nb', 'Mn']",-6554.0461031405,0.17048527559728707,2.1024330811382583
