Formula,Energy,sigma bond length,Bond length
"['Ti', 'Ce', 'V', 'Mn']",-6205.127402964013,0.19457858526146135,2.073633250197049
