Formula,Energy,sigma bond length,Bond length
"['Ti', 'Rh', 'Ru', 'Ir']",-5687.16735769468,0.03782756790568122,1.9948213152744039
