Formula,Energy,sigma bond length,Bond length
"['Ti', 'Rh', 'Ru', 'Pt']",-5451.378311601769,0.039853592600304834,2.000824315348789
