Formula,Energy,sigma bond length,Bond length
"['Ti', 'Rh', 'Ru', 'Nb']",-6148.7145883523335,0.06956284373536127,2.0157866397447832
