Formula,Energy,sigma bond length,Bond length
"['Ti', 'Rh', 'Ir', 'Pt']",-5385.074689062414,0.034325284935987146,2.0045472403367497
