Formula,Energy,sigma bond length,Bond length
"['Ti', 'Rh', 'Ir', 'Nb']",-6077.327086761017,0.06289229530641899,2.018128228764761
