Formula,Energy,sigma bond length,Bond length
"['Ti', 'Rh', 'Ir', 'V']",-5771.818701879344,0.057292823277611864,1.984943326169722
