Formula,Energy,sigma bond length,Bond length
"['Ti', 'Rh', 'Ir', 'Mn']",-5642.548744191648,0.04720848251801391,1.9889639412717945
