Formula,Energy,sigma bond length,Bond length
"['Ti', 'Rh', 'Pt', 'Nb']",-5853.12078718383,0.06853498596707985,2.0246013232637647
