Formula,Energy,sigma bond length,Bond length
"['Ti', 'Rh', 'Pt', 'V']",-5533.806163875423,0.06133500222654385,1.9928872908449808
