Formula,Energy,sigma bond length,Bond length
"['Ti', 'Rh', 'Pt', 'Mn']",-5401.7843530486625,0.04464295587830214,1.993429537461791
