Formula,Energy,sigma bond length,Bond length
"['Ti', 'Rh', 'Nb', 'V']",-6245.650036240242,0.08802311182907495,2.011191118987153
