Formula,Energy,sigma bond length,Bond length
"['Ti', 'Rh', 'Nb', 'Mn']",-6134.467771669248,0.08415918105290321,2.0133376364058546
