Formula,Energy,sigma bond length,Bond length
"['Ti', 'Ru', 'Ir', 'Nb']",-6211.130267350098,0.06323641819040951,2.016897811977022
