Formula,Energy,sigma bond length,Bond length
"['Ti', 'Ru', 'Ir', 'Mn']",-5812.715819940085,0.05608048738538266,1.9906914671945648
