Formula,Energy,sigma bond length,Bond length
"['Ti', 'Ru', 'Pt', 'Nb']",-5999.213242511357,0.06446480351367251,2.021767999275521
