Formula,Energy,sigma bond length,Bond length
"['Ti', 'Ru', 'Pt', 'V']",-5700.243893574322,0.05589487386039582,1.9912840025936902
