Formula,Energy,sigma bond length,Bond length
"['Ti', 'Ru', 'Pt', 'Mn']",-5579.75998211677,0.057467273932444336,1.9962232611251742
