Formula,Energy,sigma bond length,Bond length
"['Ti', 'Ru', 'Nb', 'Mn']",-6303.6404331925105,0.10307176994186314,2.026366687083461
