Formula,Energy,sigma bond length,Bond length
"['Ti', 'Ru', 'V', 'Mn']",-5978.9009942200555,0.0774078005503247,1.9783226444732767
