Formula,Energy,sigma bond length,Bond length
"['Ti', 'Ir', 'Pt', 'Nb']",-5925.693925560161,0.06238986975734444,2.0246514578765766
