Formula,Energy,sigma bond length,Bond length
"['Ti', 'Ir', 'Pt', 'V']",-5632.43757860321,0.05051206807549681,1.9938737206779753
