Formula,Energy,sigma bond length,Bond length
"['Ti', 'Ir', 'Pt', 'Mn']",-5511.5711962684545,0.05850821120095106,2.000985132333653
