Formula,Energy,sigma bond length,Bond length
"['Ti', 'Ir', 'Nb', 'V']",-6316.169033937777,0.0745765404094444,2.014206441875893
