Formula,Energy,sigma bond length,Bond length
"['Ti', 'Ir', 'Nb', 'Mn']",-6226.857954608124,0.09520010292496481,2.0252497993391403
