Formula,Energy,sigma bond length,Bond length
"['Ti', 'Ir', 'V', 'Mn']",-5908.660872140646,0.079061259519215,1.9825485853585973
