Formula,Energy,sigma bond length,Bond length
"['Ti', 'Pt', 'Nb', 'V']",-6103.876003294611,0.08188039186289271,2.021403252631259
