Formula,Energy,sigma bond length,Bond length
"['Ti', 'Pt', 'Nb', 'Mn']",-6007.868994050932,0.09320467808451145,2.028992391840256
