Formula,Energy,sigma bond length,Bond length
"['Ti', 'Pt', 'V', 'Mn']",-5674.4334708037195,0.08573652009285489,1.9892040558355537
