Formula,Energy,sigma bond length,Bond length
"['Sn', 'Hf', 'Zr', 'Pb']",-5988.435594411974,0.06539683390337332,2.13593372704721
