Formula,Energy,sigma bond length,Bond length
"['Sn', 'Hf', 'Zr', 'Ce']",-6614.20187128171,0.08788641642011122,2.1504582219970962
