Formula,Energy,sigma bond length,Bond length
"['Sn', 'Hf', 'Zr', 'Rh']",-6170.717452706728,0.05625215889496871,2.0829823997958035
