Formula,Energy,sigma bond length,Bond length
"['Sn', 'Hf', 'Zr', 'Ru']",-6340.289579003301,0.06285744713420331,2.0824078887086976
