Formula,Energy,sigma bond length,Bond length
"['Sn', 'Hf', 'Zr', 'Ir']",-6267.128008662417,0.05662778822324509,2.0835424122987902
