Formula,Energy,sigma bond length,Bond length
"['Sn', 'Hf', 'Zr', 'Pt']",-6053.243316705788,0.05217928340713689,2.089081645365245
