Formula,Energy,sigma bond length,Bond length
"['Sn', 'Hf', 'Zr', 'Nb']",-6720.872054314956,0.08923229038302484,2.1092983898186244
