Formula,Energy,sigma bond length,Bond length
"['Sn', 'Hf', 'Zr', 'V']",-6450.240879078421,0.09285826260359638,2.0774761902538037
