Formula,Energy,sigma bond length,Bond length
"['Sn', 'Hf', 'Zr', 'Mn']",-6316.045796683592,0.07973174710432834,2.070329196429381
