Formula,Energy,sigma bond length,Bond length
"['Sn', 'Hf', 'Pb', 'Ce']",-5814.636852499378,0.08372945479376755,2.170344715266411
