Formula,Energy,sigma bond length,Bond length
"['Sn', 'Hf', 'Pb', 'Ru']",-5556.549630891044,0.09395278403126969,2.1088887144427972
