Formula,Energy,sigma bond length,Bond length
"['Sn', 'Hf', 'Pb', 'Ir']",-5488.581919935115,0.08599180818781216,2.108429103112613
