Formula,Energy,sigma bond length,Bond length
"['Sn', 'Hf', 'Pb', 'Nb']",-5993.67303689078,0.13922852182448353,2.138663357015665
