Formula,Energy,sigma bond length,Bond length
"['Sn', 'Hf', 'Pb', 'V']",-5660.293488461102,0.11678223951209397,2.094233772301885
