Formula,Energy,sigma bond length,Bond length
"['Sn', 'Hf', 'Pb', 'Mn']",-5499.37646458214,0.08809950188405256,2.088376459630013
