Formula,Energy,sigma bond length,Bond length
"['Sn', 'Hf', 'Ce', 'Rh']",-5988.4525604939,0.09014574605484796,2.1179088580841507
