Formula,Energy,sigma bond length,Bond length
"['Sn', 'Hf', 'Ce', 'Ru']",-6153.565802134248,0.09629483177951416,2.11800959949252
