Formula,Energy,sigma bond length,Bond length
"['Sn', 'Hf', 'Ce', 'Ir']",-6085.343082802284,0.09156845506262981,2.1176532218494426
