Formula,Energy,sigma bond length,Bond length
"['Sn', 'Hf', 'Ce', 'Pt']",-5871.484321915849,0.0869663577483195,2.124345003246927
