Formula,Energy,sigma bond length,Bond length
"['Sn', 'Hf', 'Ce', 'Nb']",-6564.751988807652,0.1382447734087333,2.15265468421932
