Formula,Energy,sigma bond length,Bond length
"['Sn', 'Hf', 'Ce', 'V']",-6263.920883030092,0.12017386585773951,2.1089114641594935
