Formula,Energy,sigma bond length,Bond length
"['Sn', 'Hf', 'Ce', 'Mn']",-6129.939892500928,0.11289345541886549,2.1051447843571554
