Formula,Energy,sigma bond length,Bond length
"['Sn', 'Hf', 'Rh', 'Ru']",-5761.280080870507,0.052152928569139695,2.0473566492724338
