Formula,Energy,sigma bond length,Bond length
"['Sn', 'Hf', 'Rh', 'Ir']",-5690.05245799033,0.045755381636318426,2.0494905897718594
