Formula,Energy,sigma bond length,Bond length
"['Sn', 'Hf', 'Rh', 'Pt']",-5461.7084310107975,0.04028832872960446,2.0550233197322973
