Formula,Energy,sigma bond length,Bond length
"['Sn', 'Hf', 'Rh', 'Nb']",-6172.587181981917,0.07163622212151309,2.071613482076412
