Formula,Energy,sigma bond length,Bond length
"['Sn', 'Hf', 'Rh', 'V']",-5850.299627487359,0.07632654873429033,2.038474777459946
