Formula,Energy,sigma bond length,Bond length
"['Sn', 'Hf', 'Ru', 'Ir']",-5850.198256519705,0.047844585482070295,2.0486316667219797
