Formula,Energy,sigma bond length,Bond length
"['Sn', 'Hf', 'Ru', 'Pt']",-5629.678317827995,0.045907573947068535,2.053787477755132
