Formula,Energy,sigma bond length,Bond length
"['Sn', 'Hf', 'Ru', 'Nb']",-6309.543980391318,0.07188365084506276,2.072570597562476
