Formula,Energy,sigma bond length,Bond length
"['Sn', 'Hf', 'Ru', 'V']",-6023.304784263311,0.07262682181119812,2.0391723598605873
