Formula,Energy,sigma bond length,Bond length
"['Sn', 'Hf', 'Ru', 'Mn']",-5900.836240221124,0.07401207465742593,2.0428440649683486
