Formula,Energy,sigma bond length,Bond length
"['Sn', 'Hf', 'Ir', 'Pt']",-5560.454816416523,0.04016259968790551,2.055772000715146
