Formula,Energy,sigma bond length,Bond length
"['Sn', 'Hf', 'Ir', 'V']",-5949.827838835237,0.06653558701594145,2.0403429747062147
