Formula,Energy,sigma bond length,Bond length
"['Sn', 'Hf', 'Ir', 'Mn']",-5828.329169323271,0.06896497389272138,2.0436073564164445
