Formula,Energy,sigma bond length,Bond length
"['Sn', 'Hf', 'Pt', 'Nb']",-6024.653030313064,0.06951169849110721,2.078416074529347
