Formula,Energy,sigma bond length,Bond length
"['Sn', 'Hf', 'Pt', 'V']",-5731.454278550992,0.06944446233589965,2.0468912274284436
