Formula,Energy,sigma bond length,Bond length
"['Sn', 'Hf', 'Pt', 'Mn']",-5595.739018224303,0.06157034871828855,2.0459660677004874
