Formula,Energy,sigma bond length,Bond length
"['Sn', 'Hf', 'Nb', 'V']",-6429.467970508913,0.0859034454648001,2.0723038594729704
