Formula,Energy,sigma bond length,Bond length
"['Sn', 'Hf', 'Nb', 'Mn']",-6344.309840460479,0.09754353614475035,2.0766103271421676
