Formula,Energy,sigma bond length,Bond length
"['Sn', 'Hf', 'V', 'Mn']",-5997.454452829212,0.10293922842311634,2.0308762804709293
