Formula,Energy,sigma bond length,Bond length
"['Sn', 'Zr', 'Pb', 'Ce']",-5686.8686736863065,0.08847170903269602,2.1837750113548062
