Formula,Energy,sigma bond length,Bond length
"['Sn', 'Zr', 'Pb', 'Rh']",-5242.864990735435,0.07723628253505715,2.1148665649967446
