Formula,Energy,sigma bond length,Bond length
"['Sn', 'Zr', 'Pb', 'Ru']",-5424.516837511689,0.09721641545582299,2.1184011124806497
