Formula,Energy,sigma bond length,Bond length
"['Sn', 'Zr', 'Pb', 'Ir']",-5359.414235108118,0.09264622131775034,2.119405220776852
