Formula,Energy,sigma bond length,Bond length
"['Sn', 'Zr', 'Pb', 'Nb']",-5870.68123556686,0.14331925001897408,2.1484769307454803
