Formula,Energy,sigma bond length,Bond length
"['Sn', 'Zr', 'Pb', 'V']",-5532.14728462042,0.12408352294840097,2.1043659545668643
