Formula,Energy,sigma bond length,Bond length
"['Sn', 'Zr', 'Pb', 'Mn']",-5371.213344439519,0.09177353742887642,2.101002295026556
