Formula,Energy,sigma bond length,Bond length
"['Sn', 'Zr', 'Ce', 'Rh']",-5860.467569822626,0.09704516141318995,2.1273584612935994
