Formula,Energy,sigma bond length,Bond length
"['Sn', 'Zr', 'Ce', 'Ru']",-6024.013108089043,0.10121295591512848,2.1269354636497075
