Formula,Energy,sigma bond length,Bond length
"['Sn', 'Zr', 'Ce', 'Ir']",-5955.016977508538,0.10529235585670725,2.1343895901856644
