Formula,Energy,sigma bond length,Bond length
"['Sn', 'Zr', 'Ce', 'Pt']",-5742.788135990872,0.0928175342180064,2.134851160534572
