Formula,Energy,sigma bond length,Bond length
"['Sn', 'Zr', 'Ce', 'Nb']",-6435.315776942267,0.11678893780213884,2.1382163204651654
