Formula,Energy,sigma bond length,Bond length
"['Sn', 'Zr', 'Ce', 'V']",-6143.529686898361,0.1238668292604521,2.1157930327254397
