Formula,Energy,sigma bond length,Bond length
"['Sn', 'Zr', 'Ce', 'Mn']",-6008.7567485788,0.11574233582983356,2.113814357785914
