Formula,Energy,sigma bond length,Bond length
"['Sn', 'Zr', 'Rh', 'Ru']",-5623.291646975954,0.06409888054249133,2.0575062151728476
