Formula,Energy,sigma bond length,Bond length
"['Sn', 'Zr', 'Rh', 'Ir']",-5555.95652725336,0.05898274620366322,2.0597472357207303
