Formula,Energy,sigma bond length,Bond length
"['Sn', 'Zr', 'Rh', 'Pt']",-5321.267993058694,0.05185641408117187,2.0659214581664385
