Formula,Energy,sigma bond length,Bond length
"['Sn', 'Zr', 'Rh', 'Nb']",-6036.548918028257,0.08415537629952699,2.081695817234287
