Formula,Energy,sigma bond length,Bond length
"['Sn', 'Zr', 'Rh', 'Mn']",-5582.170303758199,0.07537377953056967,2.047568914235763
