Formula,Energy,sigma bond length,Bond length
"['Sn', 'Zr', 'Ru', 'Pt']",-5487.421671569734,0.05827505037415194,2.0645051819986335
