Formula,Energy,sigma bond length,Bond length
"['Sn', 'Zr', 'Ru', 'Nb']",-6172.976835845681,0.08302448782047908,2.0823691083630473
