Formula,Energy,sigma bond length,Bond length
"['Sn', 'Zr', 'Ru', 'V']",-5887.922334083233,0.08886219946859536,2.051639620959377
