Formula,Energy,sigma bond length,Bond length
"['Sn', 'Zr', 'Ru', 'Mn']",-5771.720161860242,0.08955005546117396,2.054402086088426
