Formula,Energy,sigma bond length,Bond length
"['Sn', 'Zr', 'Ir', 'Pt']",-5421.026607489293,0.05202943934327026,2.066724959729067
