Formula,Energy,sigma bond length,Bond length
"['Sn', 'Zr', 'Ir', 'Nb']",-6096.103562311853,0.07870376569934574,2.0843044977023313
