Formula,Energy,sigma bond length,Bond length
"['Sn', 'Zr', 'Ir', 'V']",-5816.712591541097,0.07971131084659676,2.0507289655494714
