Formula,Energy,sigma bond length,Bond length
"['Sn', 'Zr', 'Ir', 'Mn']",-5698.453821925872,0.07950290017457638,2.0553555181194074
