Formula,Energy,sigma bond length,Bond length
"['Sn', 'Zr', 'Pt', 'Nb']",-5890.044990144424,0.07953248148415157,2.0883140354213534
