Formula,Energy,sigma bond length,Bond length
"['Sn', 'Zr', 'Pt', 'V']",-5597.253180463123,0.07859128945320124,2.0560187509409213
