Formula,Energy,sigma bond length,Bond length
"['Sn', 'Zr', 'Pt', 'Mn']",-5464.806672521909,0.07306796304520562,2.0580124484508224
