Formula,Energy,sigma bond length,Bond length
"['Sn', 'Zr', 'Nb', 'V']",-6296.920195127972,0.09118598250819007,2.0819344432586093
