Formula,Energy,sigma bond length,Bond length
"['Sn', 'Zr', 'Nb', 'Mn']",-6211.202013646971,0.10739987617105262,2.08535265561995
