Formula,Energy,sigma bond length,Bond length
"['Sn', 'Zr', 'V', 'Mn']",-5872.2117421828025,0.12379364443916491,2.0474353894302664
