Formula,Energy,sigma bond length,Bond length
"['Sn', 'Pb', 'Ce', 'Rh']",-5066.997666845193,0.09846145570154681,2.1482889543043386
