Formula,Energy,sigma bond length,Bond length
"['Sn', 'Pb', 'Ce', 'Ru']",-5250.067072985707,0.1349462573271922,2.1618797578877595
