Formula,Energy,sigma bond length,Bond length
"['Sn', 'Pb', 'Ce', 'Ir']",-5179.466897740987,0.12249564247874899,2.1626620461207073
