Formula,Energy,sigma bond length,Bond length
"['Sn', 'Pb', 'Ce', 'Pt']",-4950.2586461200235,0.09597733242011983,2.159698318082033
