Formula,Energy,sigma bond length,Bond length
"['Sn', 'Pb', 'Ce', 'Nb']",-5697.20241852457,0.14982785884997568,2.1723426311223175
