Formula,Energy,sigma bond length,Bond length
"['Sn', 'Pb', 'Ce', 'V']",-5360.084980770857,0.17355209299748856,2.146777291342302
