Formula,Energy,sigma bond length,Bond length
"['Sn', 'Pb', 'Ce', 'Mn']",-5194.45561154558,0.11807536018006602,2.1378803914473696
