Formula,Energy,sigma bond length,Bond length
"['Sn', 'Pb', 'Rh', 'Ru']",-4845.580154750333,0.09234217780428912,2.0839696980119857
