Formula,Energy,sigma bond length,Bond length
"['Sn', 'Pb', 'Rh', 'Pt']",-4540.073694288521,0.07834480841913344,2.0916987431169796
