Formula,Energy,sigma bond length,Bond length
"['Sn', 'Pb', 'Rh', 'Nb']",-5262.310984936385,0.10249464146042912,2.105570258841394
