Formula,Energy,sigma bond length,Bond length
"['Sn', 'Pb', 'Rh', 'V']",-4933.887730132763,0.11576796185578088,2.07230066889126
