Formula,Energy,sigma bond length,Bond length
"['Sn', 'Pb', 'Ru', 'Ir']",-4946.737727980975,0.10330911267824505,2.090927976712456
