Formula,Energy,sigma bond length,Bond length
"['Sn', 'Pb', 'Ru', 'Pt']",-4713.166852922897,0.09098385034326034,2.0925542300032816
