Formula,Energy,sigma bond length,Bond length
"['Sn', 'Pb', 'Ru', 'Nb']",-5425.483398394792,0.15195316678463744,2.1255485223604844
