Formula,Energy,sigma bond length,Bond length
"['Sn', 'Pb', 'Ru', 'V']",-5110.8156727869355,0.12186999089853488,2.0770619662430296
