Formula,Energy,sigma bond length,Bond length
"['Sn', 'Pb', 'Ru', 'Mn']",-4978.630095756502,0.10835048948263869,2.079103419936233
