Formula,Energy,sigma bond length,Bond length
"['Sn', 'Pb', 'Ir', 'Pt']",-4651.661989354361,0.08941252847069443,2.09579994158825
