Formula,Energy,sigma bond length,Bond length
"['Sn', 'Pb', 'Ir', 'Nb']",-5357.483860379559,0.1432775435923736,2.1227677169067247
