Formula,Energy,sigma bond length,Bond length
"['Sn', 'Pb', 'Ir', 'V']",-5046.106137895227,0.11746718955940619,2.077445097242784
