Formula,Energy,sigma bond length,Bond length
"['Sn', 'Pb', 'Pt', 'Nb']",-5133.524048909736,0.12448563975543477,2.123453739046807
