Formula,Energy,sigma bond length,Bond length
"['Sn', 'Pb', 'Pt', 'V']",-4812.92164873424,0.11462439906001458,2.0829889502546908
