Formula,Energy,sigma bond length,Bond length
"['Sn', 'Pb', 'Pt', 'Mn']",-4665.648968234902,0.0879726077573161,2.081579138780509
