Formula,Energy,sigma bond length,Bond length
"['Sn', 'Pb', 'Nb', 'V']",-5535.7845925042875,0.15172165343411625,2.111285115175459
