Formula,Energy,sigma bond length,Bond length
"['Sn', 'Pb', 'Nb', 'Mn']",-5416.667780135396,0.10783802165750872,2.099586822609016
