Formula,Energy,sigma bond length,Bond length
"['Sn', 'Pb', 'V', 'Mn']",-5076.290762098519,0.14057377659650466,2.066577935557052
