Formula,Energy,sigma bond length,Bond length
"['Sn', 'Ce', 'Rh', 'Ru']",-5437.086878448666,0.10368365482675257,2.093662382523904
