Formula,Energy,sigma bond length,Bond length
"['Sn', 'Ce', 'Rh', 'Ir']",-5371.39902900699,0.1002367765928674,2.0965776182235367
