Formula,Energy,sigma bond length,Bond length
"['Sn', 'Ce', 'Rh', 'Pt']",-5136.269680745167,0.09299540333472411,2.1036605720345167
