Formula,Energy,sigma bond length,Bond length
"['Sn', 'Ce', 'Rh', 'Nb']",-5860.527420293034,0.1109055750732222,2.1116107625443292
