Formula,Energy,sigma bond length,Bond length
"['Sn', 'Ce', 'Rh', 'V']",-5534.883302706662,0.12937159900024317,2.0815415020238213
