Formula,Energy,sigma bond length,Bond length
"['Sn', 'Ce', 'Rh', 'Mn']",-5392.924048596938,0.11453381170674942,2.0845665253593273
