Formula,Energy,sigma bond length,Bond length
"['Sn', 'Ce', 'Ru', 'Ir']",-5527.749569422041,0.10340578680386885,2.09539098965253
