Formula,Energy,sigma bond length,Bond length
"['Sn', 'Ce', 'Ru', 'Pt']",-5305.945122599167,0.10158472671451595,2.1023559500184765
