Formula,Energy,sigma bond length,Bond length
"['Sn', 'Ce', 'Ru', 'Nb']",-6000.910633036493,0.1184931553174008,2.113337186033391
