Formula,Energy,sigma bond length,Bond length
"['Sn', 'Ce', 'Ru', 'V']",-5702.79155035394,0.1259076012415875,2.0848169683870763
