Formula,Energy,sigma bond length,Bond length
"['Sn', 'Ce', 'Ru', 'Mn']",-5586.100009070654,0.12192076554985713,2.089847041485167
