Formula,Energy,sigma bond length,Bond length
"['Sn', 'Ce', 'Ir', 'Pt']",-5232.174693996969,0.09170092529737793,2.1038320334005824
