Formula,Energy,sigma bond length,Bond length
"['Sn', 'Ce', 'Ir', 'Nb']",-5924.102347302935,0.11011779058434644,2.113292414239148
