Formula,Energy,sigma bond length,Bond length
"['Sn', 'Ce', 'Ir', 'V']",-5627.800615377946,0.12055456882525672,2.0871476745330098
