Formula,Energy,sigma bond length,Bond length
"['Sn', 'Ce', 'Ir', 'Mn']",-5508.328980828976,0.11450807199810278,2.0910856110727445
