Formula,Energy,sigma bond length,Bond length
"['Sn', 'Ce', 'Pt', 'V']",-5408.9139054244115,0.12155247646150621,2.0915885811854555
