Formula,Energy,sigma bond length,Bond length
"['Sn', 'Ce', 'Pt', 'Mn']",-5275.053931622088,0.10992991813622598,2.094512030457342
