Formula,Energy,sigma bond length,Bond length
"['Sn', 'Ce', 'Nb', 'V']",-6119.985710295939,0.138853529058363,2.122304109117459
