Formula,Energy,sigma bond length,Bond length
"['Sn', 'Ce', 'Nb', 'Mn']",-6031.03999583408,0.1410370327231814,2.123898116581428
