Formula,Energy,sigma bond length,Bond length
"['Sn', 'Ce', 'V', 'Mn']",-5688.833506376696,0.15334427535108855,2.073389699014445
