Formula,Energy,sigma bond length,Bond length
"['Sn', 'Rh', 'Ru', 'Ir']",-5168.115541684641,0.042195170941585376,2.0219118265755984
