Formula,Energy,sigma bond length,Bond length
"['Sn', 'Rh', 'Ru', 'Pt']",-4929.760093342266,0.03898953696371069,2.028323958991985
