Formula,Energy,sigma bond length,Bond length
"['Sn', 'Rh', 'Ru', 'V']",-5321.274317502606,0.06120544056948641,2.0102437346444164
