Formula,Energy,sigma bond length,Bond length
"['Sn', 'Rh', 'Ir', 'Pt']",-4862.291655584788,0.036132564522016686,2.033199723954507
