Formula,Energy,sigma bond length,Bond length
"['Sn', 'Rh', 'Ir', 'Nb']",-5554.856640717318,0.06022530127915402,2.046792411868585
