Formula,Energy,sigma bond length,Bond length
"['Sn', 'Rh', 'Ir', 'Mn']",-5128.221207515334,0.053299261786237166,2.0170511478516353
