Formula,Energy,sigma bond length,Bond length
"['Sn', 'Rh', 'Pt', 'Nb']",-5328.879453169295,0.05931888922853644,2.052645016148956
