Formula,Energy,sigma bond length,Bond length
"['Sn', 'Rh', 'Pt', 'V']",-5014.834808064183,0.061936274257831894,2.0211684589303567
