Formula,Energy,sigma bond length,Bond length
"['Sn', 'Rh', 'Pt', 'Mn']",-4883.669399019102,0.044732045346259255,2.021984027750898
