Formula,Energy,sigma bond length,Bond length
"['Sn', 'Rh', 'Nb', 'V']",-5727.397746711022,0.07712716948787983,2.0387840073864156
