Formula,Energy,sigma bond length,Bond length
"['Sn', 'Rh', 'Nb', 'Mn']",-5613.733087971117,0.07185316020558459,2.039725515264555
