Formula,Energy,sigma bond length,Bond length
"['Sn', 'Rh', 'V', 'Mn']",-5280.893900491199,0.08677511451620543,2.005670152170508
