Formula,Energy,sigma bond length,Bond length
"['Sn', 'Ru', 'Ir', 'Pt']",-5022.51151640893,0.038420637931211414,2.0303095006530825
