Formula,Energy,sigma bond length,Bond length
"['Sn', 'Ru', 'Ir', 'Nb']",-5692.794627841492,0.05917025006172426,2.0462647558081564
