Formula,Energy,sigma bond length,Bond length
"['Sn', 'Ru', 'Ir', 'V']",-5415.520763362956,0.05701008981185289,2.0128856351873536
