Formula,Energy,sigma bond length,Bond length
"['Sn', 'Ru', 'Ir', 'Mn']",-5300.637695098145,0.056360411735444156,2.017121675114008
