Formula,Energy,sigma bond length,Bond length
"['Sn', 'Ru', 'Pt', 'Nb']",-5477.5446316593425,0.0564175526722883,2.0508674485023843
