Formula,Energy,sigma bond length,Bond length
"['Sn', 'Ru', 'Pt', 'V']",-5183.728843934855,0.05712054572549496,2.0204898367578332
