Formula,Energy,sigma bond length,Bond length
"['Sn', 'Ru', 'Pt', 'Mn']",-5066.959430534665,0.05515739302709208,2.023030158913673
