Formula,Energy,sigma bond length,Bond length
"['Sn', 'Ru', 'Nb', 'V']",-5876.627427783735,0.07424968761174347,2.041731929122639
