Formula,Energy,sigma bond length,Bond length
"['Sn', 'Ru', 'V', 'Mn']",-5467.852305918732,0.08547282825742947,2.0085394928948417
