Formula,Energy,sigma bond length,Bond length
"['Sn', 'Ir', 'Pt', 'Nb']",-5401.866964711773,0.053598164114893515,2.054388262404344
