Formula,Energy,sigma bond length,Bond length
"['Sn', 'Ir', 'Pt', 'V']",-5116.284257049429,0.05446089819873175,2.0228458685925945
