Formula,Energy,sigma bond length,Bond length
"['Sn', 'Ir', 'Pt', 'Mn']",-4994.536468940201,0.05360897385290483,2.028000385825635
