Formula,Energy,sigma bond length,Bond length
"['Sn', 'Ir', 'Nb', 'V']",-5799.551846531638,0.07163742402977875,2.0431177120918838
