Formula,Energy,sigma bond length,Bond length
"['Sn', 'Ir', 'Nb', 'Mn']",-5707.196853892834,0.0838907226322023,2.051430096972363
