Formula,Energy,sigma bond length,Bond length
"['Sn', 'Ir', 'V', 'Mn']",-5395.609203363927,0.08871174431766624,2.011611414300913
