Formula,Energy,sigma bond length,Bond length
"['Sn', 'Pt', 'Nb', 'V']",-5587.624556142675,0.07236354421930502,2.0492507369745168
