Formula,Energy,sigma bond length,Bond length
"['Sn', 'Pt', 'Nb', 'Mn']",-5484.921437007461,0.080749008441369,2.054959859076782
