Formula,Energy,sigma bond length,Bond length
"['Sn', 'Pt', 'V', 'Mn']",-5160.017970129246,0.08560227709987814,2.017681746632636
