Formula,Energy,sigma bond length,Bond length
"['Hf', 'Zr', 'Pb', 'Ce']",-6437.5521619655165,0.09143650963908277,2.181855598407432
