Formula,Energy,sigma bond length,Bond length
"['Hf', 'Zr', 'Pb', 'Rh']",-5989.131121406035,0.08243036642092944,2.113352626223816
