Formula,Energy,sigma bond length,Bond length
"['Hf', 'Zr', 'Pb', 'Ru']",-6172.969161836541,0.10264731002265716,2.1168278605850253
