Formula,Energy,sigma bond length,Bond length
"['Hf', 'Zr', 'Pb', 'Ir']",-6103.190644920181,0.09594466437061336,2.115888580104583
