Formula,Energy,sigma bond length,Bond length
"['Hf', 'Zr', 'Pb', 'Pt']",-5876.041671782351,0.07799055106205628,2.120110916056846
