Formula,Energy,sigma bond length,Bond length
"['Hf', 'Zr', 'Pb', 'Nb']",-6619.323403021483,0.12693707212801295,2.121744940056175
