Formula,Energy,sigma bond length,Bond length
"['Hf', 'Zr', 'Pb', 'V']",-6277.840072697554,0.13184165892732197,2.1036999152679257
