Formula,Energy,sigma bond length,Bond length
"['Hf', 'Zr', 'Pb', 'Mn']",-6114.119293576297,0.09933567139418353,2.099001594678289
