Formula,Energy,sigma bond length,Bond length
"['Hf', 'Zr', 'Ce', 'Rh']",-6606.645059176783,0.09217599334815807,2.12464282974221
