Formula,Energy,sigma bond length,Bond length
"['Hf', 'Zr', 'Ce', 'Ru']",-6781.415050465152,0.10441968896092577,2.1255916992417028
