Formula,Energy,sigma bond length,Bond length
"['Hf', 'Zr', 'Ce', 'Ir']",-6707.085789974617,0.09853620459536604,2.1266062805754893
