Formula,Energy,sigma bond length,Bond length
"['Hf', 'Zr', 'Ce', 'Pt']",-6498.857266248895,0.09337013014781512,2.1335662017137507
