Formula,Energy,sigma bond length,Bond length
"['Hf', 'Zr', 'Ce', 'Nb']",-7176.621772862835,0.13704471761118278,2.1566844325628574
