Formula,Energy,sigma bond length,Bond length
"['Hf', 'Zr', 'Ce', 'V']",-6891.935384293612,0.131539748128494,2.1168574625898335
