Formula,Energy,sigma bond length,Bond length
"['Hf', 'Zr', 'Ce', 'Mn']",-6763.747193822621,0.12304209928549228,2.115367039875888
