Formula,Energy,sigma bond length,Bond length
"['Hf', 'Zr', 'Rh', 'Ir']",-6297.9924393989095,0.057376259461343844,2.058913134117769
