Formula,Energy,sigma bond length,Bond length
"['Hf', 'Zr', 'Rh', 'Pt']",-6071.777804368739,0.05458146855244563,2.0657164438554325
