Formula,Energy,sigma bond length,Bond length
"['Hf', 'Zr', 'Rh', 'Nb']",-6789.151729746143,0.08742293633100115,2.08104675359723
