Formula,Energy,sigma bond length,Bond length
"['Hf', 'Zr', 'Rh', 'V']",-6461.22012957424,0.0967789901712333,2.0495459932079787
