Formula,Energy,sigma bond length,Bond length
"['Hf', 'Zr', 'Ru', 'Ir']",-6457.571042697269,0.058914481608905986,2.0571936676831397
