Formula,Energy,sigma bond length,Bond length
"['Hf', 'Zr', 'Ru', 'Pt']",-6242.773989926603,0.057919920153426785,2.062775323478687
