Formula,Energy,sigma bond length,Bond length
"['Hf', 'Zr', 'Ru', 'Nb']",-6920.498612347707,0.08554643520103641,2.0808044138884214
