Formula,Energy,sigma bond length,Bond length
"['Hf', 'Zr', 'Ru', 'V']",-6634.093159087594,0.08921639434831552,2.049719126189395
