Formula,Energy,sigma bond length,Bond length
"['Hf', 'Zr', 'Ru', 'Mn']",-6519.439142300037,0.09218684394773162,2.054468422616068
