Formula,Energy,sigma bond length,Bond length
"['Hf', 'Zr', 'Ir', 'Pt']",-6171.49518050481,0.05194569612041644,2.065455416359993
