Formula,Energy,sigma bond length,Bond length
"['Hf', 'Zr', 'Ir', 'Nb']",-6845.249125800534,0.07788611166077028,2.081250822613711
