Formula,Energy,sigma bond length,Bond length
"['Hf', 'Zr', 'Ir', 'V']",-6560.403293645155,0.08044131192551092,2.050581682640757
