Formula,Energy,sigma bond length,Bond length
"['Hf', 'Zr', 'Ir', 'Mn']",-6441.049164426919,0.08205810025662429,2.054423781911367
