Formula,Energy,sigma bond length,Bond length
"['Hf', 'Zr', 'Pt', 'Nb']",-6641.35486254223,0.08250246318568942,2.0864151769440116
