Formula,Energy,sigma bond length,Bond length
"['Hf', 'Zr', 'Pt', 'V']",-6347.636966116649,0.08483183799879643,2.0577760030697676
