Formula,Energy,sigma bond length,Bond length
"['Hf', 'Zr', 'Pt', 'Mn']",-6211.957461980753,0.07175270443511222,2.056424271727712
