Formula,Energy,sigma bond length,Bond length
"['Hf', 'Zr', 'Nb', 'V']",-7042.16097010736,0.09580869980105028,2.0827098430418505
