Formula,Energy,sigma bond length,Bond length
"['Hf', 'Zr', 'Nb', 'Mn']",-6960.267034134741,0.11344142818134564,2.085771149706747
