Formula,Energy,sigma bond length,Bond length
"['Hf', 'Zr', 'V', 'Mn']",-6611.989573460532,0.12538387148972419,2.045794751034956
