Formula,Energy,sigma bond length,Bond length
"['Hf', 'Pb', 'Ce', 'Rh']",-5818.279483030852,0.10383340551203678,2.1456136658531535
