Formula,Energy,sigma bond length,Bond length
"['Hf', 'Pb', 'Ce', 'Ru']",-6001.82399990647,0.1355565485202173,2.158635836586684
