Formula,Energy,sigma bond length,Bond length
"['Hf', 'Pb', 'Ce', 'Ir']",-5927.723946679602,0.12334379934260342,2.1585888313811736
