Formula,Energy,sigma bond length,Bond length
"['Hf', 'Pb', 'Ce', 'Nb']",-6457.643872296739,0.15589728008802337,2.1701024955255215
