Formula,Energy,sigma bond length,Bond length
"['Hf', 'Pb', 'Ce', 'V']",-6107.6866684109555,0.17838318568776643,2.1479071095771367
