Formula,Energy,sigma bond length,Bond length
"['Hf', 'Pb', 'Ce', 'Mn']",-5945.6328075585225,0.11954938750259214,2.132336416639162
