Formula,Energy,sigma bond length,Bond length
"['Hf', 'Pb', 'Rh', 'Ru']",-5589.183851361101,0.09714197672442203,2.0834062008122203
