Formula,Energy,sigma bond length,Bond length
"['Hf', 'Pb', 'Rh', 'Ir']",-5519.073978626736,0.09168084949225273,2.0838884286039443
