Formula,Energy,sigma bond length,Bond length
"['Hf', 'Pb', 'Rh', 'Pt']",-5285.018850074007,0.08140949845012563,2.0886428112225484
