Formula,Energy,sigma bond length,Bond length
"['Hf', 'Pb', 'Rh', 'Nb']",-6013.5042315440205,0.1094240106134902,2.1027745058876235
