Formula,Energy,sigma bond length,Bond length
"['Hf', 'Pb', 'Rh', 'V']",-5674.674903176432,0.12864771330379657,2.069993076579138
