Formula,Energy,sigma bond length,Bond length
"['Hf', 'Pb', 'Rh', 'Mn']",-5520.444197551657,0.09621091991898817,2.0700926064476235
