Formula,Energy,sigma bond length,Bond length
"['Hf', 'Pb', 'Ru', 'Pt']",-5461.947681312579,0.09590169180581468,2.0898109264796556
