Formula,Energy,sigma bond length,Bond length
"['Hf', 'Pb', 'Ru', 'Nb']",-6178.285395243773,0.13048205455215675,2.091906536770552
