Formula,Energy,sigma bond length,Bond length
"['Hf', 'Pb', 'Ru', 'V']",-5856.152470023883,0.12894319325291229,2.0753372561886874
