Formula,Energy,sigma bond length,Bond length
"['Hf', 'Pb', 'Ru', 'Mn']",-5715.107321776679,0.11085714720269978,2.074781777460871
