Formula,Energy,sigma bond length,Bond length
"['Hf', 'Pb', 'Ir', 'Pt']",-5396.137312522467,0.09011675780092243,2.0921547443935538
