Formula,Energy,sigma bond length,Bond length
"['Hf', 'Pb', 'Ir', 'Nb']",-6105.849644950693,0.14508449916302907,2.1196357889927553
