Formula,Energy,sigma bond length,Bond length
"['Hf', 'Pb', 'Ir', 'V']",-5789.062362656445,0.12595870440776563,2.074141658291487
