Formula,Energy,sigma bond length,Bond length
"['Hf', 'Pb', 'Ir', 'Mn']",-5650.378718753508,0.10760551657074213,2.0769821934275363
