Formula,Energy,sigma bond length,Bond length
"['Hf', 'Pb', 'Pt', 'Nb']",-5886.309127692867,0.1300425019198045,2.1213512961697756
