Formula,Energy,sigma bond length,Bond length
"['Hf', 'Pb', 'Pt', 'V']",-5558.206446952862,0.1180853102080776,2.0789427632994433
