Formula,Energy,sigma bond length,Bond length
"['Hf', 'Pb', 'Pt', 'Mn']",-5407.591316964545,0.0931748397602164,2.0789650392689007
