Formula,Energy,sigma bond length,Bond length
"['Hf', 'Pb', 'Nb', 'Mn']",-6163.75301975468,0.11097378736831637,2.1001591972737086
