Formula,Energy,sigma bond length,Bond length
"['Hf', 'Pb', 'V', 'Mn']",-5812.996203767152,0.14649534489553062,2.064972373682461
