Formula,Energy,sigma bond length,Bond length
"['Hf', 'Ce', 'Rh', 'Ru']",-6190.130442222857,0.10214366970038923,2.0900889457410243
