Formula,Energy,sigma bond length,Bond length
"['Hf', 'Ce', 'Rh', 'Ir']",-6121.979066278461,0.09870034353189312,2.0937951842757716
