Formula,Energy,sigma bond length,Bond length
"['Hf', 'Ce', 'Rh', 'Pt']",-5893.542085809489,0.09449917491255411,2.1012988550324265
