Formula,Energy,sigma bond length,Bond length
"['Hf', 'Ce', 'Rh', 'Nb']",-6619.314599354464,0.11455175893575793,2.108999218321684
