Formula,Energy,sigma bond length,Bond length
"['Hf', 'Ce', 'Rh', 'V']",-6284.736374830562,0.13163778358171452,2.078348180925803
