Formula,Energy,sigma bond length,Bond length
"['Hf', 'Ce', 'Rh', 'Mn']",-6140.779540771637,0.1179677795820387,2.0838240960496552
