Formula,Energy,sigma bond length,Bond length
"['Hf', 'Ce', 'Ru', 'Ir']",-6275.896373387582,0.1049596838936427,2.094808752447025
