Formula,Energy,sigma bond length,Bond length
"['Hf', 'Ce', 'Ru', 'Nb']",-6753.799163177119,0.1314789582933925,2.123342252711679
