Formula,Energy,sigma bond length,Bond length
"['Hf', 'Ce', 'Ru', 'V']",-6451.029228514402,0.12807094537526312,2.082360577738921
