Formula,Energy,sigma bond length,Bond length
"['Hf', 'Ce', 'Ru', 'Mn']",-6332.9405183542585,0.12492545071876396,2.0853220407953392
