Formula,Energy,sigma bond length,Bond length
"['Hf', 'Ce', 'Ir', 'Pt']",-5994.269766815023,0.09754845246846791,2.1019450883441695
