Formula,Energy,sigma bond length,Bond length
"['Hf', 'Ce', 'Ir', 'Nb']",-6673.546946395534,0.11263248277373522,2.1120750216506874
