Formula,Energy,sigma bond length,Bond length
"['Hf', 'Ce', 'Ir', 'V']",-6379.323382866874,0.12104921187037262,2.083543966223788
