Formula,Energy,sigma bond length,Bond length
"['Hf', 'Ce', 'Ir', 'Mn']",-6259.281982627551,0.12189621954305362,2.09098273806933
