Formula,Energy,sigma bond length,Bond length
"['Hf', 'Ce', 'Pt', 'Nb']",-6473.557544593611,0.11418770536698333,2.1163762083527358
