Formula,Energy,sigma bond length,Bond length
"['Hf', 'Ce', 'Pt', 'V']",-6166.5019415628785,0.12340007991137147,2.0872588148410487
