Formula,Energy,sigma bond length,Bond length
"['Hf', 'Ce', 'Pt', 'Mn']",-6034.330193789698,0.11489829340857376,2.0928074651334936
