Formula,Energy,sigma bond length,Bond length
"['Hf', 'Ce', 'Nb', 'V']",-6868.490624637096,0.1410014698836859,2.1238970914176782
