Formula,Energy,sigma bond length,Bond length
"['Hf', 'Ce', 'Nb', 'Mn']",-6784.62415781623,0.1309743498458734,2.108598175347051
