Formula,Energy,sigma bond length,Bond length
"['Hf', 'Ce', 'V', 'Mn']",-6434.460153232718,0.1585907538809548,2.07469341957799
