Formula,Energy,sigma bond length,Bond length
"['Hf', 'Rh', 'Ru', 'Ir']",-5913.717660872041,0.04322864517264465,2.021912041338528
