Formula,Energy,sigma bond length,Bond length
"['Hf', 'Rh', 'Ru', 'Pt']",-5680.689959319243,0.04112315931421114,2.028890771978562
