Formula,Energy,sigma bond length,Bond length
"['Hf', 'Rh', 'Ru', 'Nb']",-6375.353799791588,0.06618394868842287,2.043994742080816
