Formula,Energy,sigma bond length,Bond length
"['Hf', 'Rh', 'Ru', 'V']",-6062.491959306701,0.06950666605037654,2.0112880475798627
