Formula,Energy,sigma bond length,Bond length
"['Hf', 'Rh', 'Ru', 'Mn']",-5939.764989606782,0.058496325178737624,2.0115512651404894
