Formula,Energy,sigma bond length,Bond length
"['Hf', 'Rh', 'Ir', 'Pt']",-5612.807866897689,0.036957835262704436,2.0324576819316804
