Formula,Energy,sigma bond length,Bond length
"['Hf', 'Rh', 'Ir', 'Nb']",-6306.709151493777,0.0628272359227549,2.0461421177059673
