Formula,Energy,sigma bond length,Bond length
"['Hf', 'Rh', 'Ir', 'V']",-5995.841329948963,0.06327228046796254,2.0130978758844043
