Formula,Energy,sigma bond length,Bond length
"['Hf', 'Rh', 'Ir', 'Mn']",-5866.64631260618,0.056674753078460656,2.01562623916711
