Formula,Energy,sigma bond length,Bond length
"['Hf', 'Rh', 'Pt', 'V']",-5763.486308008486,0.07011079187429253,2.0216659114934914
