Formula,Energy,sigma bond length,Bond length
"['Hf', 'Rh', 'Pt', 'Mn']",-5626.827218149448,0.04916294222806872,2.02169204980969
