Formula,Energy,sigma bond length,Bond length
"['Hf', 'Rh', 'Nb', 'V']",-6474.662145529728,0.08297449631306633,2.038805736519236
