Formula,Energy,sigma bond length,Bond length
"['Hf', 'Rh', 'Nb', 'Mn']",-6363.87629678836,0.07263375131696258,2.0396609839638584
