Formula,Energy,sigma bond length,Bond length
"['Hf', 'Rh', 'V', 'Mn']",-6017.748622971393,0.0927921278344736,2.0045126941546796
