Formula,Energy,sigma bond length,Bond length
"['Hf', 'Ru', 'Ir', 'Pt']",-5770.989452309474,0.03720712556215098,2.03020512732347
