Formula,Energy,sigma bond length,Bond length
"['Hf', 'Ru', 'Ir', 'Nb']",-6439.035117794427,0.056457408559196336,2.0447210847006954
