Formula,Energy,sigma bond length,Bond length
"['Hf', 'Ru', 'Ir', 'V']",-6156.24534948007,0.05779798823098069,2.0121046234828768
