Formula,Energy,sigma bond length,Bond length
"['Hf', 'Ru', 'Ir', 'Mn']",-6039.429545518267,0.06003818176166701,2.0182182635497097
