Formula,Energy,sigma bond length,Bond length
"['Hf', 'Ru', 'Pt', 'V']",-5933.129206734668,0.06157277596339655,2.020041902408444
