Formula,Energy,sigma bond length,Bond length
"['Hf', 'Ru', 'Pt', 'Mn']",-5811.725544619301,0.05991975868137937,2.024136235159061
