Formula,Energy,sigma bond length,Bond length
"['Hf', 'Ru', 'Nb', 'V']",-6623.548313096937,0.07485694989921643,2.0405862493867017
