Formula,Energy,sigma bond length,Bond length
"['Hf', 'Ru', 'Nb', 'Mn']",-6530.342632125629,0.0936662025735301,2.0512786711433555
