Formula,Energy,sigma bond length,Bond length
"['Hf', 'Ru', 'V', 'Mn']",-6206.250280496979,0.08713497036350648,2.006374299715716
