Formula,Energy,sigma bond length,Bond length
"['Hf', 'Ir', 'Pt', 'V']",-5864.320249389084,0.058701031660527446,2.022723327788165
