Formula,Energy,sigma bond length,Bond length
"['Hf', 'Ir', 'Pt', 'Mn']",-5736.596075867478,0.05591706294603696,2.0274423845580016
