Formula,Energy,sigma bond length,Bond length
"['Hf', 'Ir', 'Nb', 'V']",-6543.254419043236,0.07474864261180773,2.0422203070697855
