Formula,Energy,sigma bond length,Bond length
"['Hf', 'Ir', 'Nb', 'Mn']",-6453.603977301325,0.08765025703959332,2.0511406525699662
