Formula,Energy,sigma bond length,Bond length
"['Hf', 'Ir', 'V', 'Mn']",-6134.762946532682,0.08927534871143962,2.0109272426087337
