Formula,Energy,sigma bond length,Bond length
"['Hf', 'Pt', 'Nb', 'V']",-6336.546402182301,0.07452814800159623,2.049082216564214
