Formula,Energy,sigma bond length,Bond length
"['Hf', 'Pt', 'Nb', 'Mn']",-6237.6312374171885,0.08564500275360923,2.05669239981209
