Formula,Energy,sigma bond length,Bond length
"['Hf', 'Pt', 'V', 'Mn']",-5903.1930435373615,0.09523225151060578,2.017926152982022
