Formula,Energy,sigma bond length,Bond length
"['Hf', 'Nb', 'V', 'Mn']",-6641.263179016291,0.12123640322630007,2.0486730555426695
