Formula,Energy,sigma bond length,Bond length
"['Zr', 'Pb', 'Ce', 'Rh']",-5687.720338987002,0.10558370490568793,2.1553420854021033
