Formula,Energy,sigma bond length,Bond length
"['Zr', 'Pb', 'Ce', 'Ru']",-5874.339559610436,0.14428929891421122,2.170958357624087
