Formula,Energy,sigma bond length,Bond length
"['Zr', 'Pb', 'Ce', 'Ir']",-5800.28770168672,0.12866523156106044,2.1671175442845545
