Formula,Energy,sigma bond length,Bond length
"['Zr', 'Pb', 'Ce', 'Pt']",-5574.807882566906,0.0997765899941698,2.163802763373981
