Formula,Energy,sigma bond length,Bond length
"['Zr', 'Pb', 'Ce', 'Nb']",-6329.960892570176,0.16000160664232274,2.188443410709992
