Formula,Energy,sigma bond length,Bond length
"['Zr', 'Pb', 'Ce', 'Mn']",-5819.536521014067,0.12199191555954629,2.1408709284435803
