Formula,Energy,sigma bond length,Bond length
"['Zr', 'Pb', 'Rh', 'Ru']",-5454.664720318598,0.10316127004506477,2.0928510164531824
