Formula,Energy,sigma bond length,Bond length
"['Zr', 'Pb', 'Rh', 'Ir']",-5392.245010892112,0.10125742943507751,2.096158505207815
