Formula,Energy,sigma bond length,Bond length
"['Zr', 'Pb', 'Rh', 'Pt']",-5150.331191923205,0.08776904063506849,2.099632940556486
