Formula,Energy,sigma bond length,Bond length
"['Zr', 'Pb', 'Rh', 'Nb']",-5880.970903176924,0.12517548801594996,2.1215118539227538
