Formula,Energy,sigma bond length,Bond length
"['Zr', 'Pb', 'Rh', 'V']",-5550.033587041355,0.13887735011895727,2.080539426030676
