Formula,Energy,sigma bond length,Bond length
"['Zr', 'Pb', 'Rh', 'Mn']",-5395.9785045883655,0.09924184070437007,2.075480844426148
