Formula,Energy,sigma bond length,Bond length
"['Zr', 'Pb', 'Ru', 'Pt']",-5326.344708488879,0.10071383293990846,2.099088226861813
