Formula,Energy,sigma bond length,Bond length
"['Zr', 'Pb', 'Ru', 'V']",-5723.075989693174,0.1577237410983472,2.1002217141500528
