Formula,Energy,sigma bond length,Bond length
"['Zr', 'Pb', 'Ru', 'Mn']",-5590.136076593173,0.11891726545695011,2.08522074486532
