Formula,Energy,sigma bond length,Bond length
"['Zr', 'Pb', 'Ir', 'Pt']",-5262.342613745356,0.09909667227075876,2.103689961366876
