Formula,Energy,sigma bond length,Bond length
"['Zr', 'Pb', 'Ir', 'Nb']",-5974.700482504177,0.15476498606800893,2.1263462369618864
