Formula,Energy,sigma bond length,Bond length
"['Zr', 'Pb', 'Ir', 'V']",-5658.072024938473,0.14107297479609035,2.0826382192828614
