Formula,Energy,sigma bond length,Bond length
"['Zr', 'Pb', 'Ir', 'Mn']",-5522.480662857549,0.11682831885210006,2.089053267370284
