Formula,Energy,sigma bond length,Bond length
"['Zr', 'Pb', 'Pt', 'Nb']",-5755.632290677657,0.139857907830118,2.1338955627101663
