Formula,Energy,sigma bond length,Bond length
"['Zr', 'Pb', 'Pt', 'V']",-5427.542462590936,0.12863860550534154,2.0890561678526427
