Formula,Energy,sigma bond length,Bond length
"['Zr', 'Pb', 'Pt', 'Mn']",-5274.70781495037,0.0966139765755514,2.089583470112547
