Formula,Energy,sigma bond length,Bond length
"['Zr', 'Pb', 'Nb', 'Mn']",-6032.5174293032105,0.11823875235556627,2.1079945868270933
