Formula,Energy,sigma bond length,Bond length
"['Zr', 'Pb', 'V', 'Mn']",-5687.0753822363695,0.15233032898911744,2.0715550284711166
