Formula,Energy,sigma bond length,Bond length
"['Zr', 'Ce', 'Rh', 'Ru']",-6059.865735803893,0.11202703681466891,2.1009246501909478
