Formula,Energy,sigma bond length,Bond length
"['Zr', 'Ce', 'Rh', 'Ir']",-5987.505928505337,0.10431495789961676,2.102472959524234
