Formula,Energy,sigma bond length,Bond length
"['Zr', 'Ce', 'Rh', 'Pt']",-5761.667218744707,0.10003849797713098,2.109209886258818
