Formula,Energy,sigma bond length,Bond length
"['Zr', 'Ce', 'Rh', 'Nb']",-6485.368718803178,0.1329606344572097,2.131537330250286
