Formula,Energy,sigma bond length,Bond length
"['Zr', 'Ce', 'Rh', 'V']",-6155.617481615846,0.14164119618706528,2.0891633638398694
