Formula,Energy,sigma bond length,Bond length
"['Zr', 'Ce', 'Rh', 'Mn']",-6019.30165140519,0.12409375850647718,2.093147739286067
