Formula,Energy,sigma bond length,Bond length
"['Zr', 'Ce', 'Ru', 'Ir']",-6144.01122001023,0.10907602495747383,2.1001325057071942
