Formula,Energy,sigma bond length,Bond length
"['Zr', 'Ce', 'Ru', 'Pt']",-5926.556584073631,0.10502808210603502,2.108165974761734
