Formula,Energy,sigma bond length,Bond length
"['Zr', 'Ce', 'Ru', 'Nb']",-6620.816593860352,0.13943752198721956,2.134996211334793
