Formula,Energy,sigma bond length,Bond length
"['Zr', 'Ce', 'Ru', 'V']",-6323.047055698976,0.13692512272561624,2.092948656176229
