Formula,Energy,sigma bond length,Bond length
"['Zr', 'Ce', 'Ru', 'Mn']",-6211.385413759521,0.13490855025857132,2.0994285618806003
