Formula,Energy,sigma bond length,Bond length
"['Zr', 'Ce', 'Ir', 'Pt']",-5859.758292218711,0.10162790297323264,2.109507298690609
