Formula,Energy,sigma bond length,Bond length
"['Zr', 'Ce', 'Ir', 'Nb']",-6546.878654872646,0.1350146285104108,2.1335882144225318
