Formula,Energy,sigma bond length,Bond length
"['Zr', 'Ce', 'Ir', 'V']",-6247.8194941678175,0.1296304413717974,2.0929795940557874
