Formula,Energy,sigma bond length,Bond length
"['Zr', 'Ce', 'Ir', 'Mn']",-6134.37017643705,0.12614385773817052,2.0983325631184937
