Formula,Energy,sigma bond length,Bond length
"['Zr', 'Ce', 'Pt', 'V']",-6036.751823017632,0.14949325125446652,2.115966480078753
