Formula,Energy,sigma bond length,Bond length
"['Zr', 'Ce', 'Pt', 'Mn']",-5902.597186062413,0.11588806031034936,2.102406651944385
