Formula,Energy,sigma bond length,Bond length
"['Zr', 'Ce', 'Nb', 'V']",-6740.565870326943,0.1291815085846992,2.1152038526405894
