Formula,Energy,sigma bond length,Bond length
"['Zr', 'Ce', 'Nb', 'Mn']",-6660.1139771465005,0.13180634930575125,2.1158073130563793
