Formula,Energy,sigma bond length,Bond length
"['Zr', 'Rh', 'Ru', 'Ir']",-5769.400365901223,0.059901197375578356,2.031551347330431
