Formula,Energy,sigma bond length,Bond length
"['Zr', 'Rh', 'Ru', 'Pt']",-5536.475529733821,0.058171543547555264,2.0382531581754484
