Formula,Energy,sigma bond length,Bond length
"['Zr', 'Rh', 'Ru', 'Nb']",-6235.9122456713685,0.08086195536690434,2.0534591678967744
