Formula,Energy,sigma bond length,Bond length
"['Zr', 'Rh', 'Ru', 'V']",-5928.34935701796,0.08210061380299076,2.0192365044798377
