Formula,Energy,sigma bond length,Bond length
"['Zr', 'Rh', 'Ru', 'Mn']",-5806.116684630331,0.07432645712387762,2.021206533147082
