Formula,Energy,sigma bond length,Bond length
"['Zr', 'Rh', 'Ir', 'Pt']",-5469.486884988439,0.053223904533397016,2.042317771718923
