Formula,Energy,sigma bond length,Bond length
"['Zr', 'Rh', 'Ir', 'Nb']",-6161.619810136668,0.07500824710356592,2.0556770621038565
