Formula,Energy,sigma bond length,Bond length
"['Zr', 'Rh', 'Ir', 'V']",-5861.438078256593,0.0792744922020128,2.022593767294816
