Formula,Energy,sigma bond length,Bond length
"['Zr', 'Rh', 'Ir', 'Mn']",-5734.299234874549,0.07088128357724875,2.028215666170759
