Formula,Energy,sigma bond length,Bond length
"['Zr', 'Rh', 'Pt', 'Nb']",-5942.647402691755,0.0726529949007955,2.061835070372496
