Formula,Energy,sigma bond length,Bond length
"['Zr', 'Rh', 'Pt', 'V']",-5623.417974428858,0.08281369807129955,2.029866035773062
