Formula,Energy,sigma bond length,Bond length
"['Zr', 'Rh', 'Pt', 'Mn']",-5490.69150901624,0.06425787364784909,2.0334865959170596
