Formula,Energy,sigma bond length,Bond length
"['Zr', 'Rh', 'Nb', 'V']",-6336.820894572203,0.09810425318064628,2.0485384053766285
