Formula,Energy,sigma bond length,Bond length
"['Zr', 'Rh', 'Nb', 'Mn']",-6227.616326836919,0.09159731040787351,2.050924423571159
