Formula,Energy,sigma bond length,Bond length
"['Zr', 'Rh', 'V', 'Mn']",-5889.071389016391,0.10668469482825302,2.0137791310847
