Formula,Energy,sigma bond length,Bond length
"['Zr', 'Ru', 'Ir', 'Pt']",-5627.486201375168,0.0548480938934956,2.03993539132814
