Formula,Energy,sigma bond length,Bond length
"['Zr', 'Ru', 'Ir', 'Nb']",-6300.657865232175,0.07091808374032137,2.0542629033090813
