Formula,Energy,sigma bond length,Bond length
"['Zr', 'Ru', 'Ir', 'V']",-6018.997116360809,0.07746093369961772,2.022731515704166
