Formula,Energy,sigma bond length,Bond length
"['Zr', 'Ru', 'Ir', 'Mn']",-5907.379366745337,0.07795095016410646,2.028858653302895
