Formula,Energy,sigma bond length,Bond length
"['Zr', 'Ru', 'Pt', 'Nb']",-6089.7426317109175,0.07374018498644538,2.060194836345495
