Formula,Energy,sigma bond length,Bond length
"['Zr', 'Ru', 'Pt', 'V']",-5793.378227682901,0.07506171489253093,2.0292684290182397
