Formula,Energy,sigma bond length,Bond length
"['Zr', 'Ru', 'Pt', 'Mn']",-5676.569495897487,0.07489119599547926,2.0341524832316726
