Formula,Energy,sigma bond length,Bond length
"['Zr', 'Ru', 'Nb', 'V']",-6483.343240762571,0.08896362310912449,2.0509299642075933
