Formula,Energy,sigma bond length,Bond length
"['Zr', 'Ru', 'Nb', 'Mn']",-6395.693592839894,0.1076694936131717,2.0619495738957414
