Formula,Energy,sigma bond length,Bond length
"['Zr', 'Ru', 'V', 'Mn']",-6075.791595758351,0.102465205873678,2.016721052313427
