Formula,Energy,sigma bond length,Bond length
"['Zr', 'Ir', 'Pt', 'Nb']",-6015.686244811129,0.06862254397621172,2.0629665589514863
