Formula,Energy,sigma bond length,Bond length
"['Zr', 'Ir', 'Pt', 'V']",-5722.52275287936,0.07030470583482899,2.0323617806693415
