Formula,Energy,sigma bond length,Bond length
"['Zr', 'Ir', 'Pt', 'Mn']",-5601.948502121011,0.07216948587340051,2.040410074160194
