Formula,Energy,sigma bond length,Bond length
"['Zr', 'Ir', 'Nb', 'V']",-6408.0758058272,0.08774003330551278,2.0532167336863028
