Formula,Energy,sigma bond length,Bond length
"['Zr', 'Ir', 'Nb', 'Mn']",-6322.4754874612045,0.1011143104866316,2.0635198417083367
