Formula,Energy,sigma bond length,Bond length
"['Zr', 'Ir', 'V', 'Mn']",-6002.202769163382,0.10312290006683886,2.0210903807212373
