Formula,Energy,sigma bond length,Bond length
"['Zr', 'Pt', 'Nb', 'V']",-6199.086193943001,0.09351895566938626,2.059766299406323
