Formula,Energy,sigma bond length,Bond length
"['Zr', 'Pt', 'Nb', 'Mn']",-6103.879118318377,0.09720004662103189,2.067401095599974
