Formula,Energy,sigma bond length,Bond length
"['Zr', 'Pt', 'V', 'Mn']",-5772.5546627963395,0.10415056867612259,2.025698373351411
