Formula,Energy,sigma bond length,Bond length
"['Zr', 'Nb', 'V', 'Mn']",-6508.8186923384255,0.12784571159781818,2.0573319457393335
