Formula,Energy,sigma bond length,Bond length
"['Pb', 'Ce', 'Rh', 'Ru']",-5281.221685997221,0.13786201971818324,2.138002318075446
