Formula,Energy,sigma bond length,Bond length
"['Pb', 'Ce', 'Rh', 'Ir']",-5215.764142609605,0.1316075088157132,2.1388009153809855
