Formula,Energy,sigma bond length,Bond length
"['Pb', 'Ce', 'Rh', 'Pt']",-4976.753975859177,0.12064837073042407,2.1441875059437727
