Formula,Energy,sigma bond length,Bond length
"['Pb', 'Ce', 'Rh', 'V']",-5379.432797426915,0.18893435749541226,2.1224915793407013
