Formula,Energy,sigma bond length,Bond length
"['Pb', 'Ce', 'Rh', 'Mn']",-5222.4347375760535,0.1448069188857975,2.1318188461677594
