Formula,Energy,sigma bond length,Bond length
"['Pb', 'Ce', 'Ru', 'Ir']",-5380.457142125255,0.15274363489891724,2.1444451938226257
