Formula,Energy,sigma bond length,Bond length
"['Pb', 'Ce', 'Ru', 'Pt']",-5152.081703074504,0.14199206617983287,2.147100374490394
