Formula,Energy,sigma bond length,Bond length
"['Pb', 'Ce', 'Ru', 'Mn']",-5413.894340429082,0.15439084345847295,2.133254700769159
