Formula,Energy,sigma bond length,Bond length
"['Pb', 'Ce', 'Ir', 'Pt']",-5084.103841692484,0.12821406879562722,2.1473371362831406
