Formula,Energy,sigma bond length,Bond length
"['Pb', 'Ce', 'Ir', 'Mn']",-5347.6489203302335,0.04934103554313506,1.9843539893729094
