Formula,Energy,sigma bond length,Bond length
"['Pb', 'Ce', 'Pt', 'Nb']",-5585.706805415672,0.154660026915029,2.1633478700542303
