Formula,Energy,sigma bond length,Bond length
"['Pb', 'Ce', 'Pt', 'Mn']",-5100.530412085908,0.1332542518199821,2.1351778800208496
