Formula,Energy,sigma bond length,Bond length
"['Pb', 'Ce', 'Nb', 'Mn']",-5862.542783413695,0.1539475653954347,2.1521413056629806
