Formula,Energy,sigma bond length,Bond length
"['Pb', 'Ce', 'V', 'Mn']",-5517.207402029364,0.19067286969176672,2.118904707491044
