Formula,Energy,sigma bond length,Bond length
"['Pb', 'Rh', 'Ru', 'Ir']",-5008.759016841419,0.12150874588309615,2.073594521493446
