Formula,Energy,sigma bond length,Bond length
"['Pb', 'Rh', 'Ru', 'Pt']",-4766.473377438187,0.09921912709002101,2.0686471022270987
