Formula,Energy,sigma bond length,Bond length
"['Pb', 'Rh', 'Ru', 'Nb']",-5470.7871992948,0.11712978822362484,2.079391947170242
