Formula,Energy,sigma bond length,Bond length
"['Pb', 'Rh', 'Ru', 'V']",-5153.737492518365,0.1239745678512574,2.0482207749479646
