Formula,Energy,sigma bond length,Bond length
"['Pb', 'Rh', 'Ir', 'Pt']",-4705.781038724666,0.08440203006043018,2.0650829443273855
