Formula,Energy,sigma bond length,Bond length
"['Pb', 'Rh', 'Ir', 'Nb']",-5404.794605781801,0.11545637417413238,2.085298947489573
