Formula,Energy,sigma bond length,Bond length
"['Pb', 'Rh', 'Ir', 'V']",-5092.124652195713,0.12556720489732723,2.0536143275476224
