Formula,Energy,sigma bond length,Bond length
"['Pb', 'Rh', 'Ir', 'Mn']",-4959.383778238083,0.10704053169896724,2.05798421775833
