Formula,Energy,sigma bond length,Bond length
"['Pb', 'Rh', 'Pt', 'V']",-4849.079680958166,0.12066400682837063,2.0593497963209058
