Formula,Energy,sigma bond length,Bond length
"['Pb', 'Rh', 'Pt', 'Mn']",-4706.537971188987,0.08965706689812056,2.0581536765687143
