Formula,Energy,sigma bond length,Bond length
"['Pb', 'Rh', 'Nb', 'V']",-5567.509176676933,0.13454675193623913,2.0704040726894557
