Formula,Energy,sigma bond length,Bond length
"['Pb', 'Rh', 'Nb', 'Mn']",-5432.826103707556,0.10996359005606875,2.0740614350285735
