Formula,Energy,sigma bond length,Bond length
"['Pb', 'Ru', 'Ir', 'Pt']",-4865.840430839205,0.10572829085598331,2.0730202380242857
