Formula,Energy,sigma bond length,Bond length
"['Pb', 'Ru', 'Ir', 'Nb']",-5559.655451123397,0.1590387469083096,2.1021598602608473
