Formula,Energy,sigma bond length,Bond length
"['Pb', 'Ru', 'Ir', 'V']",-5255.578073025235,0.1482319794208013,2.069577496496797
