Formula,Energy,sigma bond length,Bond length
"['Pb', 'Ru', 'Ir', 'Mn']",-5130.141310848416,0.11550584463549549,2.060683818073124
