Formula,Energy,sigma bond length,Bond length
"['Pb', 'Ru', 'Pt', 'Nb']",-5339.976130320526,0.14792465471375255,2.105617038168189
