Formula,Energy,sigma bond length,Bond length
"['Pb', 'Ru', 'Pt', 'V']",-5019.420731318349,0.12471452404247783,2.058174176012008
