Formula,Energy,sigma bond length,Bond length
"['Pb', 'Ru', 'Pt', 'Mn']",-4891.03298742907,0.1082323483500459,2.064009601829172
