Formula,Energy,sigma bond length,Bond length
"['Pb', 'Ru', 'Nb', 'Mn']",-5613.122906681534,0.12615682011670423,2.0776453811262274
