Formula,Energy,sigma bond length,Bond length
"['Pb', 'Ru', 'V', 'Mn']",-5286.303651371065,0.14116018665882105,2.0462884720841292
