Formula,Energy,sigma bond length,Bond length
"['Pb', 'Ir', 'Pt', 'Nb']",-5270.534880607956,0.1406554509704278,2.10547870099451
