Formula,Energy,sigma bond length,Bond length
"['Pb', 'Ir', 'Pt', 'V']",-4956.685844728503,0.12181016817001335,2.063066526922591
