Formula,Energy,sigma bond length,Bond length
"['Pb', 'Ir', 'Pt', 'Mn']",-4825.864351261034,0.09565302435654059,2.058390219280628
