Formula,Energy,sigma bond length,Bond length
"['Pb', 'Ir', 'Nb', 'V']",-5662.157828630005,0.18220539295791238,2.0904785070347542
