Formula,Energy,sigma bond length,Bond length
"['Pb', 'Ir', 'Nb', 'Mn']",-5546.852698443922,0.14172575669132892,2.0928114943123197
