Formula,Energy,sigma bond length,Bond length
"['Pb', 'Ir', 'V', 'Mn']",-5228.069995123947,0.14614587775648633,2.054657604642264
