Formula,Energy,sigma bond length,Bond length
"['Pb', 'Pt', 'Nb', 'Mn']",-5311.3537380188545,0.10923684653508245,2.086449013319733
