Formula,Energy,sigma bond length,Bond length
"['Pb', 'Pt', 'V', 'Mn']",-4982.241620603115,0.13537101924374587,2.0543361800751496
