Formula,Energy,sigma bond length,Bond length
"['Pb', 'Nb', 'V', 'Mn']",-5718.618417378758,0.1624390202653673,2.081941914949596
