Formula,Energy,sigma bond length,Bond length
"['Ce', 'Rh', 'Ru', 'Ir']",-5591.508090250216,0.1215707879600983,2.0776112390269543
