Formula,Energy,sigma bond length,Bond length
"['Ce', 'Rh', 'Ru', 'Pt']",-5358.2291703942265,0.10495606191918212,2.0761477838008626
