Formula,Energy,sigma bond length,Bond length
"['Ce', 'Rh', 'Ru', 'Mn']",-5621.190673949864,0.1201734316162236,2.0591716364417882
