Formula,Energy,sigma bond length,Bond length
"['Ce', 'Rh', 'Ir', 'Pt']",-5290.096486231446,0.097706059235601,2.078808660637802
