Formula,Energy,sigma bond length,Bond length
"['Ce', 'Rh', 'Ir', 'Nb']",-5989.722686382938,0.10903206263581953,2.086377989392385
