Formula,Energy,sigma bond length,Bond length
"['Ce', 'Rh', 'Ir', 'V']",-5675.473367638819,0.12403775735671384,2.0558428981218606
