Formula,Energy,sigma bond length,Bond length
"['Ce', 'Rh', 'Ir', 'Mn']",-5551.405686773489,0.11670802807670577,2.06593443346887
