Formula,Energy,sigma bond length,Bond length
"['Ce', 'Rh', 'Pt', 'V']",-5442.215970470886,0.12749816418133214,2.067633089694707
