Formula,Energy,sigma bond length,Bond length
"['Ce', 'Rh', 'Pt', 'Mn']",-5309.873959906469,0.11182234805824118,2.071917399326624
