Formula,Energy,sigma bond length,Bond length
"['Ce', 'Rh', 'Nb', 'V']",-6163.071931554381,0.13402679199085282,2.079276557458285
