Formula,Energy,sigma bond length,Bond length
"['Ce', 'Rh', 'Nb', 'Mn']",-6047.501990216956,0.12385346982995502,2.083405679164508
