Formula,Energy,sigma bond length,Bond length
"['Ce', 'Rh', 'V', 'Mn']",-5715.384354770726,0.15380237335200114,2.049730660616834
