Formula,Energy,sigma bond length,Bond length
"['Ce', 'Ru', 'Ir', 'Pt']",-5445.513477333831,0.11509647995983845,2.0853619619927164
