Formula,Energy,sigma bond length,Bond length
"['Ce', 'Ru', 'Ir', 'Nb']",-6131.151493510418,0.1301452203982087,2.0989175328276457
