Formula,Energy,sigma bond length,Bond length
"['Ce', 'Ru', 'Ir', 'V']",-5835.308184980595,0.12425524755134451,2.056642585492203
