Formula,Energy,sigma bond length,Bond length
"['Ce', 'Ru', 'Ir', 'Mn']",-5719.455130328724,0.14343658064961207,2.084134433568297
