Formula,Energy,sigma bond length,Bond length
"['Ce', 'Ru', 'Pt', 'Nb']",-5919.395539226854,0.13093507890320027,2.1050984013698186
