Formula,Energy,sigma bond length,Bond length
"['Ce', 'Ru', 'Pt', 'V']",-5608.897499531494,0.12151318464521962,2.0650502838336626
