Formula,Energy,sigma bond length,Bond length
"['Ce', 'Ru', 'Pt', 'Mn']",-5490.904496257559,0.12024566839378771,2.0732032534435745
