Formula,Energy,sigma bond length,Bond length
"['Ce', 'Ru', 'Nb', 'V']",-6308.25671261379,0.12794803286383533,2.0786587281046547
