Formula,Energy,sigma bond length,Bond length
"['Ce', 'Ru', 'Nb', 'Mn']",-6221.52144614106,0.13398639452215466,2.0868929802799188
