Formula,Energy,sigma bond length,Bond length
"['Ce', 'Ru', 'V', 'Mn']",-5891.355206449545,0.15165484546076285,2.05120875414104
