Formula,Energy,sigma bond length,Bond length
"['Ce', 'Ir', 'Pt', 'Nb']",-5845.904782863094,0.10843046100185007,2.093001149906123
