Formula,Energy,sigma bond length,Bond length
"['Ce', 'Ir', 'Pt', 'V']",-5540.054642890935,0.12018882102027884,2.067623695037676
