Formula,Energy,sigma bond length,Bond length
"['Ce', 'Ir', 'Pt', 'Mn']",-5418.061594658684,0.11296793525777236,2.076007392449047
