Formula,Energy,sigma bond length,Bond length
"['Ce', 'Ir', 'Nb', 'V']",-6233.202283339258,0.14209018204256849,2.0963345636242727
