Formula,Energy,sigma bond length,Bond length
"['Ce', 'Ir', 'Nb', 'Mn']",-6141.071549705532,0.12796240051568963,2.0901458982308747
