Formula,Energy,sigma bond length,Bond length
"['Ce', 'Ir', 'V', 'Mn']",-5821.770438535891,0.1518759432813094,2.0562771553029777
