Formula,Energy,sigma bond length,Bond length
"['Ce', 'Pt', 'Nb', 'Mn']",-5923.994081533702,0.1266827244713523,2.0943265194387566
