Formula,Energy,sigma bond length,Bond length
"['Ce', 'Pt', 'V', 'Mn']",-5591.8322862856685,0.1520325915562321,2.0619993186444416
