Formula,Energy,sigma bond length,Bond length
"['Ce', 'Nb', 'V', 'Mn']",-6329.301028828246,0.1811567796217133,2.1021461791847504
