Formula,Energy,sigma bond length,Bond length
"['Rh', 'Ru', 'Ir', 'Pt']",-5097.839457523418,0.0384220677677569,2.0051524122569537
