Formula,Energy,sigma bond length,Bond length
"['Rh', 'Ru', 'Ir', 'Nb']",-5777.32853052567,0.04842463973332461,2.0180525309924526
