Formula,Energy,sigma bond length,Bond length
"['Rh', 'Ru', 'Ir', 'V']",-5481.83966154379,0.04191939865509184,1.9829016955203875
