Formula,Energy,sigma bond length,Bond length
"['Rh', 'Ru', 'Ir', 'Mn']",-5364.552249649827,0.03028800299474655,1.9866038803704882
