Formula,Energy,sigma bond length,Bond length
"['Rh', 'Ru', 'Pt', 'V']",-5237.38629247889,0.04787613682518536,1.9915814518959243
