Formula,Energy,sigma bond length,Bond length
"['Rh', 'Ru', 'Pt', 'Mn']",-5119.132775206634,0.03035855490026138,1.9940778500830967
