Formula,Energy,sigma bond length,Bond length
"['Rh', 'Ru', 'Nb', 'V']",-5939.181879846881,0.06705113187140799,2.0089368810037995
