Formula,Energy,sigma bond length,Bond length
"['Rh', 'Ru', 'Nb', 'Mn']",-5827.269661983373,0.06253360444478633,2.013557656023644
