Formula,Energy,sigma bond length,Bond length
"['Rh', 'Ru', 'V', 'Mn']",-5491.524265839636,0.07716108407651376,1.9770612732813067
