Formula,Energy,sigma bond length,Bond length
"['Rh', 'Ir', 'Pt', 'Nb']",-5477.757903333232,0.042976247556065966,2.0275825682364235
