Formula,Energy,sigma bond length,Bond length
"['Rh', 'Ir', 'Pt', 'Mn']",-5049.612786003668,0.03021862090122,2.0012197253170134
