Formula,Energy,sigma bond length,Bond length
"['Rh', 'Ir', 'Nb', 'V']",-5863.343773157268,0.06412245938932827,2.011357863414883
