Formula,Energy,sigma bond length,Bond length
"['Rh', 'Ir', 'Nb', 'Mn']",-5755.995289484354,0.05957629094645341,2.017189548880549
