Formula,Energy,sigma bond length,Bond length
"['Rh', 'Ir', 'V', 'Mn']",-5438.926052006279,0.06506352287883024,1.9805318474234248
