Formula,Energy,sigma bond length,Bond length
"['Rh', 'Pt', 'Nb', 'V']",-5635.898327849043,0.07131074822307797,2.020090674606398
