Formula,Energy,sigma bond length,Bond length
"['Rh', 'Nb', 'V', 'Mn']",-5918.625509367794,0.09105153102525991,2.0072578933059453
