Formula,Energy,sigma bond length,Bond length
"['Ru', 'Ir', 'Pt', 'Nb']",-5624.209840630532,0.04454194892898719,2.0259487836886665
