Formula,Energy,sigma bond length,Bond length
"['Ru', 'Ir', 'Pt', 'V']",-5332.697559474096,0.04137484989314146,1.994105965269485
