Formula,Energy,sigma bond length,Bond length
"['Ru', 'Ir', 'Nb', 'V']",-6010.646179771377,0.05483308524759734,2.0115633289943835
