Formula,Energy,sigma bond length,Bond length
"['Ru', 'Ir', 'Nb', 'Mn']",-5908.585388904449,0.06850572995104955,2.021576783026947
