Formula,Energy,sigma bond length,Bond length
"['Ru', 'Ir', 'V', 'Mn']",-5613.050421559647,0.05907410641469165,1.979130080876837
