Formula,Energy,sigma bond length,Bond length
"['Ru', 'Pt', 'Nb', 'V']",-5790.561473386739,0.06345879095230603,2.019235091108996
