Formula,Energy,sigma bond length,Bond length
"['Ru', 'Pt', 'Nb', 'Mn']",-5689.137352363459,0.06876086896202879,2.0288575113825864
