Formula,Energy,sigma bond length,Bond length
"['Ru', 'Pt', 'V', 'Mn']",-5373.4910147484625,0.06398572464115208,1.9888257088389611
