Formula,Energy,sigma bond length,Bond length
"['Ir', 'Pt', 'Nb', 'V']",-5715.2952524129,0.05800064108344486,2.0224301484734557
