Formula,Energy,sigma bond length,Bond length
"['Ir', 'Pt', 'Nb', 'Mn']",-5614.857804846819,0.06692049028896353,2.0316903115483016
