Formula,Energy,sigma bond length,Bond length
"['Ir', 'Pt', 'V', 'Mn']",-5303.029107909211,0.07528088243403022,1.996186438559016
