Formula,Energy,sigma bond length,Bond length
"['Ir', 'Nb', 'V', 'Mn']",-6013.634686910822,0.09824073267102697,2.0186165700852334
